protocol,model,RMSE_mean,RMSE_std,MAE_mean,MAE_std,R2_mean,R2_std,nRMSE_%_mean,nRMSE_%_std,MAPE_%_mean,MAPE_%_std,bias_mean,bias_std,pearson_r_mean,pearson_r_std,CCC_mean,CCC_std
grouped,convnext_t,841.3101533190408,8.357735018078674,516.0676290487608,6.29957835053321,0.902897001890488,0.001923848255175913,28.471281561479316,0.28283912416508966,17.60932720463161,0.5882896126646332,-92.80650929899316,26.880787614673775,0.9509555177874502,0.001136399455858595,0.948389971536419,0.0012981245890116434
grouped,mt_resnet50_current,847.4307994912484,46.90448222939032,519.7911407985195,14.96115186103581,0.9012842682280123,0.010838255925974942,28.678414020085256,1.5873227189520849,19.158165821646083,0.7938340204002036,-44.597769246344164,127.93547397852097,0.9512013475244867,0.0038731441441205885,0.9465890820199102,0.007800410118603707
grouped,swin_t,853.3782909596584,22.593305705798063,520.4694919282078,12.732697398677542,0.9000511316340724,0.005282877405971355,28.87968664649249,0.7645936110679712,18.26131242103422,0.31904418842476917,-63.014204814197086,17.05362906149059,0.9490656059613404,0.0028374191273582267,0.9471219532647311,0.003401778148909412
grouped,mt_resnet50,866.9676886748042,27.8855636599222,521.4353776305712,22.681455395455508,0.8968196347035026,0.006647137388187994,29.339573606221265,0.9436920870740109,17.88061904203801,0.5522082361529561,-96.88655390335786,31.381495358882848,0.9479188439940245,0.00383494018731364,0.9446550032959541,0.0039744333897987335
grouped,mt_resnet50_meanpool,886.6394928479235,48.67273329350434,546.421036191263,26.095904625192652,0.891941835845469,0.011807771269282206,30.00529893144834,1.647163163904715,19.079595760282064,1.2389566422437592,-7.362436076180568,59.89385691901077,0.9450057147553735,0.006136320886183241,0.9442409530780062,0.005744779681844213
grouped,resnet50,954.3748002209485,73.94756038362398,568.4490323310641,47.923171983831466,0.8745517877397878,0.019724903712541694,32.297570099533736,2.5025037486600397,19.280042357338615,1.2938433817682755,-70.63547243047405,99.9078141830923,0.9361537773026655,0.010008722995652704,0.9338327871711071,0.011865751851911075
grouped,ridge,991.5789788887406,20.646020530788775,614.4443562824589,23.22397397286626,0.8650813675328458,0.005588419463671173,33.556619026894786,0.6986943653742591,20.973302526467723,0.7479716228446859,-81.33565593921026,9.155803171362656,0.9306092581856671,0.0029637039943844253,0.9280402495871155,0.002770315860072295
grouped,dinov2_b,1006.2821244711877,47.691964589945194,622.6288921044784,26.62451038458188,0.8608826868469873,0.013264192767896003,34.05419699628668,1.6139723818898302,22.33131245296254,0.9376036242924484,-104.81773421620206,11.361645889290687,0.9287163407486269,0.007198130424915573,0.9257773407523664,0.0067774041427296735
grouped,dinov2_s,1080.4667854010293,32.31980730706351,663.934787317841,16.001865144064983,0.8397590041463593,0.009599757118992445,36.5647246067569,1.093753986234388,22.347967042839418,0.52239545739845,-81.25006329772776,18.85906075395721,0.9181156022120308,0.004692921760482251,0.9169917419307673,0.004086442738919731
grouped,xgb,1098.027211896583,36.969970374008604,661.7617021013283,18.913577171340638,0.8344816650120203,0.011044154817188305,37.15899753347977,1.2511229440004108,22.712131749273514,0.4144805222241411,-161.94957119407403,9.481857844651554,0.9164169891003722,0.005829508196141272,0.9063925413657078,0.006809032628084396
grouped,resnet50_mask,1143.5275815816103,65.06657794390173,745.734873187876,39.92871382439999,0.8202282423018464,0.020720972748161776,38.69880283755597,2.2019570946272076,32.88174559559476,1.76611939523301,-53.73958780586529,100.61945560265617,0.9067697993012245,0.010818429361272246,0.9026795207469976,0.014921666282104118
grouped,rf,1154.6900277641334,19.683325719352993,705.2338939652658,15.64614289840748,0.8170608064279961,0.0062062801745687264,39.07655787465339,0.666115232784416,24.28693271998324,0.6815201511697864,-208.28975924790325,13.36403232290755,0.9114955255308398,0.004392243039855164,0.8913601677266255,0.0034438985764308513
grouped,efficientnetv2_s,1186.6194130762833,191.4507686569701,728.7931659645515,110.210458719201,0.8034890252299016,0.0648881450727396,40.15709935596181,6.479000304572777,24.97775876343765,3.050056365726025,-174.14140706507115,55.70126433815105,0.9001392782594446,0.038328909161130735,0.8888439151684494,0.0345696961102767
grouped,efficientnet_b0,1265.363796480788,94.56978246919529,771.5945089223965,59.95858847719385,0.7795364357083571,0.03222516027468417,42.82193526986353,3.2003927365741145,25.00082637388059,1.414785438530313,-125.56798348408017,117.6119634219539,0.8880499965620281,0.016502056563135716,0.8852418330269322,0.019519497586627122
grouped,mobilenetv3,1581.7518119216622,183.54970551074877,920.5681731231626,53.242503468698374,0.6537021243558095,0.07740796926873726,53.52901188692036,6.211615687159524,29.517680849461584,1.083209749219301,25.938722484017557,84.05285648805271,0.8423774064582353,0.019151835980170485,0.8381847751249446,0.021157774989493977
grouped,dinov2_s_mask,1693.8888460659773,50.149997214259116,1076.7711688506317,21.061132383681965,0.6061640710713067,0.023505332526956142,57.32390852521314,1.6971561383892035,42.17229418860918,0.6487177267930042,-263.81315237946313,30.37168786530923,0.7945932481249507,0.011229913349696231,0.7874610297531914,0.011661880091160539
grouped,mobilenetv3_mask,1783.0121669876505,137.6125523247917,1153.8786210067904,90.12568235883923,0.5621537313770942,0.06707380663248425,60.339984289477435,4.657028930622176,48.44443999349172,5.059559955084205,-43.55819057846751,99.21408730166758,0.7799465573564426,0.022217263545949283,0.7781284383960013,0.02020414611795305
grouped,cover_linear,2379.429000696455,2.1562095385406552,1991.1859736031738,2.483503731869848,0.22332818463609583,0.0014077537599863838,80.5236841218625,0.07296958040402418,126.21453250676645,0.24892437141853363,-6.98122468299011,1.5585628404549852,0.4726235253554325,0.0014622750538009631,0.36813381771871595,0.001038666865227565
grouped,mean,2706.199327884473,3.3899066838648406,2234.4478690708443,1.3139753759571628,-0.004643143400340073,0.0025160575778653423,91.58211477862254,0.11471986553675101,184.08861806396627,0.2010990933102912,-0.34375173610423,1.4596207145430402,-0.08901262422318063,0.028381477821124584,-0.0041346513371346766,0.0022409195739707902
random,resnet50,941.7368565476727,81.2753097424888,580.7041712423444,48.80155788076221,0.8777350107702026,0.020476379929797,31.869881866769116,2.7504865102909606,19.652878044838122,1.2107818736284026,-84.60102964361397,32.08004306652564,0.9375063156267976,0.010476474665003791,0.9343455752553753,0.011683023532036403
random,dinov2_b,969.1108642253001,10.11843276999033,607.4843575179735,9.377223790408344,0.8711541922391577,0.0026831415793388803,32.79626208098754,0.34242395294859446,21.512746606780308,0.3312238291405408,-98.79624020812814,21.167762270049074,0.9341852102674096,0.0012629066352887147,0.931965376181203,0.002071593997173724
random,ridge,997.5643644366079,40.725407214006765,610.1660738821381,19.761866590400427,0.8633354292326496,0.011237278289978544,33.759174049575826,1.3782129348154675,20.795340006035747,0.27509908450824894,-95.68486229456477,6.861729679946015,0.9298433556817894,0.005962697763222616,0.9265990607241168,0.006153502395907117
random,xgb,1064.1857617498229,18.28808967114234,656.6502991745695,16.55261940686667,0.8446138909714133,0.005336889930896128,36.013748719144125,0.618898212739414,22.87182916443321,0.5194697091264714,-143.76555582369542,17.393599160094297,0.9211963413110084,0.002747720684598058,0.9132985881846757,0.003013901629114983
random,dinov2_s,1091.0169243128178,34.01611668446085,668.7362197048927,20.843907334898937,0.8366059869201722,0.010199817225253944,36.92175818621062,1.1511598094123479,22.336260212778402,0.5396911803493107,-104.16099177346412,4.288881730573444,0.9162463379104353,0.0052338504513144415,0.9144807055182292,0.005090104719020502
random,rf,1164.149303157413,30.64408936034338,706.9458650120026,18.30213241697216,0.814001371034749,0.009714244858845509,39.396674887418726,1.0370450100138129,24.27509841450123,0.8338340214985248,-221.1867464147405,27.135627627912804,0.9103067564757666,0.0038006358440776395,0.8893754028986365,0.0068459554824452495
random,efficientnet_b0,1264.595799022389,101.53459722293942,757.6226583485574,35.56308212593023,0.7796780673572519,0.03476083133174932,42.795945007187726,3.436093210525474,25.3483912421386,1.3501967571908549,-12.93648188788553,85.20155883693488,0.8899056899311152,0.015173625191419689,0.8887259666212802,0.013719279308960346
random,mobilenetv3,1453.6906852167701,117.70931116127737,845.5989450363044,32.541421529791386,0.7088411398533131,0.04585558450523352,49.19521848015921,3.9834714073748025,27.20927919998032,1.3575036518547592,-70.20258444561263,44.29762444258091,0.8582722650626068,0.014756786857012174,0.8565541673945886,0.013815032882508214
random,cover_linear,2382.876718802474,0.7940110792673669,1995.4837008132342,2.076981205044572,0.22107617649570876,0.0005191388054205798,80.64036041841474,0.02687060522397286,126.59015047754598,0.5441629385232646,-1.796038661973389,0.44315831282629753,0.47027044754143477,0.0005440424795112318,0.36641851473048986,0.000991334599318568
random,mean,2706.2300083058217,3.7900529026557805,2236.8773937757255,5.253885507473065,-0.004666185711260947,0.0028129122203581496,91.58315305316516,0.12826145375603543,184.2645981983353,0.3415242600576987,-0.09828274703973837,0.5257682704610711,-0.08750028060735393,0.03231315714341549,-0.0041478693219650226,0.00250077120356367
variety,ridge,1491.836552659811,0.0,901.6593318067863,0.0,0.6946947345366293,0.0,50.48613566223897,0.0,28.23400946805063,0.0,-392.17554719431996,0.0,0.8531018477740725,0.0,0.806038096437606,0.0
variety,convnext_t,1496.0961587649754,274.89307376077016,977.0470175780225,201.21907962711495,0.6860379863984872,0.1187786269938448,50.63028754758431,9.302821404766059,39.70401217315854,9.477529486107818,112.59221634361295,238.47012456947382,0.8416760442892647,0.04987920796192966,0.8287514769076761,0.04485814259792469
variety,mt_resnet50,1618.4352343121284,195.07644859724954,1070.1780373454178,144.7006951188486,0.6371988705650823,0.08595575042952376,54.770437588722835,6.601699114309301,41.06593205185124,4.753494347683853,204.14463644214132,30.678892595928613,0.8150746351819933,0.03696111964897387,0.8099791796675819,0.034331375483310736
variety,dinov2_s,1663.1588769959083,0.0,1029.8898167488696,0.0,0.6205458710331457,0.0,56.28395720842724,0.0,34.6862648526233,0.0,-574.8168318669034,0.0,0.8330538770133059,0.0,0.7450056882769488,0.0
variety,swin_t,1679.1225647457861,104.47620278013515,1074.8131005351308,54.5963195248524,0.6122283555301792,0.047733277946758745,56.82419394144804,3.535641848719523,36.84537463103283,2.0220883038855995,106.55023305170475,41.2378068161736,0.7962405157644822,0.019420114348626432,0.7926753511868166,0.017640572928647878
variety,resnet50,1696.4159025605156,84.20248527895343,1084.5225522376018,50.364791961626395,0.604570376549516,0.038631981377040374,57.409428159909,2.8495468134975384,42.19995852703725,3.0010258490956816,-29.574872921541044,367.1558628299012,0.7975475179477858,0.012257175977305064,0.766338104466207,0.04786034913985802
variety,efficientnet_b0,1850.6919288551592,74.11414400068965,1238.6137137184887,97.24487086673939,0.5296467484214652,0.03761236218625001,62.63037570879147,2.5081412047709586,60.45467241507373,11.016426037244907,239.305904284602,152.55998966883894,0.7512637496320065,0.03365630983233277,0.7422181089211676,0.03931971142597727
variety,dinov2_b,1948.6846529797579,0.0,1200.9722380024252,0.0,0.47907531681832727,0.0,65.94660626719032,0.0,40.36302211739263,0.0,-736.8335676373889,0.0,0.7497074174480781,0.0,0.6542720399894693,0.0
variety,xgb,1978.9783709009444,66.48085071641253,1204.758398640407,29.021324328398638,0.4623489226873539,0.03581066937987356,66.97179414716003,2.2498183478785108,33.38420338575285,0.7145333410674942,-870.6931413484375,70.9150107460722,0.8204443128017225,0.008784520624000433,0.601465755221662,0.02656235718852362
variety,rf,2184.5287895229685,17.969487283075708,1325.4694944448868,3.3688055345265377,0.34532321360541474,0.010753111528560953,73.92794916392741,0.6081161982100228,35.54226213675003,0.755670301148261,-950.9268630771984,54.718172421451904,0.7395735014436845,0.013452027239166851,0.5107298914775648,0.009181966036274298
variety,mobilenetv3,2328.4957589342066,572.1737470547723,1564.4975587102817,370.1121366424158,0.22628274300133155,0.36952416065556504,78.80002173489264,19.36327499462068,73.38216286388504,19.539096049421893,291.92910081829706,285.2227355190228,0.6675118439828337,0.0957153698276289,0.6524349706805183,0.09782909501301333
variety,efficientnetv2_s,2368.6040774023645,140.14146640174076,1608.8193623737725,121.02394449355262,0.22858316567454537,0.09156078099439352,80.15735139929687,4.742611428878661,67.75936590540672,11.565044703071006,-253.71437958990077,278.4845216651442,0.5330772273148296,0.056416124349978454,0.4978324760401051,0.05092260710531825
variety,cover_linear,2442.607699088048,0.0,2081.5135096548147,0.0,0.18153662550740557,0.0,82.66175235210846,0.0,146.57106046684046,0.0,64.34781341618785,0.0,0.4306323621194131,0.0,0.28178509117811623,0.0
variety,mean,2727.9337159847946,0.0,2264.9703714774537,0.0,-0.02084412468122676,0.0,92.31764124377867,0.0,189.37294172805017,0.0,40.86252804843411,0.0,-0.08289565401967379,0.0,-0.013646478734542064,0.0
