model,stage,n,RMSE,RMSE_lo,RMSE_hi,R2,nRMSE_pct,bias,RMSE_per_run_mean,RMSE_per_run_sd
resnet50,All,264,851.8829128628463,720.9629122599928,980.7891896247493,0.9004476259974534,28.829080659310186,-70.63547243047404,954.3748002209485,73.94756038362398
resnet50,V6,88,105.92249081330769,88.12952415455072,123.62149493829641,0.631682150104611,17.66224755796433,-7.443640567819809,111.78464852384779,4.675034416479077
resnet50,Three nodes,88,488.68210137536545,399.82127883314615,577.5383177576814,0.4855165491585609,23.681982836537376,51.25922390641706,548.4200374051419,24.49343069970481
resnet50,Flowering,88,1388.1944105269713,1155.5568500691654,1605.2729324827283,0.5709829998507795,22.3844582251988,-255.72200063001935,1555.165773222621,129.7004891550766
mt_resnet50_current,All,264,779.9972458527475,664.9352662702985,892.0364226544283,0.9165400836683228,26.396354681137986,-44.59776924634412,847.4307994912484,46.90448222939029
mt_resnet50_current,V6,88,111.2078237869088,95.39804761692551,127.67164555846037,0.5940083688760013,18.5435604754499,18.494581987928857,121.50852924444858,5.212869421327884
mt_resnet50_current,Three nodes,88,477.92881430372023,404.17557711610124,551.4613048175692,0.5079095078681954,23.160868682468017,91.1089353892069,528.8156157122434,32.40491263268453
mt_resnet50_current,Flowering,88,1258.7310987659098,1055.1762405210845,1440.1357723033286,0.6472720751359096,20.29687879696059,-243.39682511616817,1363.680339670794,78.08097271806656
mt_resnet50_meanpool,All,264,797.759634488375,681.6519755741198,909.8030729558203,0.912695642162642,26.997462329790828,-7.362436076180564,886.6394928479235,48.67273329350435
mt_resnet50_meanpool,V6,88,112.79859805806346,94.2548036351429,130.5790873685857,0.5823102663286861,18.808817162393705,-1.1930437492314185,124.7652088857984,7.28141803593741
mt_resnet50_meanpool,Three nodes,88,421.96092690045856,364.5850065011651,477.05054975090565,0.6164137602911703,20.448613526916056,46.86202263486626,481.0907236917817,12.659284946924092
mt_resnet50_meanpool,Flowering,88,1310.9106589323767,1112.830427630978,1517.09690366648,0.6174218979001906,21.13826756491575,-67.75628711417659,1452.797275005131,89.58313766945061
mt_resnet50,All,264,785.5163801946916,670.6544874733944,897.8817365224066,0.91535480730452,26.583131017076877,-96.88655390335782,866.9676886748042,27.8855636599222
mt_resnet50,V6,88,107.9566246868512,93.52378116937115,122.52907624472999,0.6173999764787517,18.001433086596673,-5.311647854427768,114.6356854278127,6.615718874777391
mt_resnet50,Three nodes,88,442.6803904449871,378.54446660846196,509.86106767173504,0.5778185834164472,21.45269773352564,-11.052132460935674,486.4747410883526,45.48524810040063
mt_resnet50,Flowering,88,1281.9857213573828,1073.7064013789045,1498.1570048218302,0.6341186312233622,20.67185662715081,-274.29588139471,1415.6104335597656,44.0527790028949
ridge,All,264,981.4072282115405,853.3251270049822,1105.9333325880852,0.8678733842726459,33.21239071066536,-81.33565593921024,991.5789788887406,20.646020530788768
ridge,V6,88,106.48335769407636,91.61794863350063,121.24432487842901,0.6277712865574867,17.755770374687547,-0.36367125725315735,107.87569180660523,5.181555007358376
ridge,Three nodes,88,659.2020345895668,544.9893909234983,768.0914010467194,0.0638280545011054,31.94553519562892,142.67678931550932,664.6237184330316,10.095453643786144
ridge,Flowering,88,1563.2000559380579,1341.7393168071842,1784.168382977256,0.45599481029102995,25.20640198838636,-386.32008587588683,1579.9652346546072,34.66896194488354
