,rf_f0,rf_f1,rf_f2,rf_f3,rf_f4,xgb_f0,xgb_f1,xgb_f2,xgb_f3,xgb_f4,mean
G_std,0.7463797931846365,0.7444862378467485,0.2602732697815305,0.7358450355631506,0.7455674945104712,0.35127664,0.37024423,0.43594864,0.3617978,0.40230337,0.5154122519372637
glcm_energy,0.044865617990791605,0.03601008634657702,0.16655636697991996,0.03395748972794569,0.042081709952187574,0.18574005,0.20552602,0.15042542,0.15742426,0.17746775,0.12000547726940085
glcm_ASM,0.04411085230946842,0.050676993360693846,0.18046027210158105,0.05294662584192732,0.04329914361759661,0.11495543,0.1354753,0.11256092,0.123556204,0.08665649,0.09446982257818348
B_std,0.047356056953793434,0.06387905605683852,0.026346930271875253,0.04407580527699405,0.05609281169567356,0.03332172,0.049323466,0.04902886,0.03937813,0.04263095,0.045143378488681815
glcm_correlation,0.014613699689345514,0.012760988275107474,0.04365829910112875,0.014735116068958531,0.012946687150574848,0.09079826,0.029090032,0.029633231,0.03656134,0.042028915,0.03268265677397297
ExR_std,0.006195137286377135,0.005126071367914551,0.016128742277975415,0.011837580034429059,0.010162340569244805,0.010905284,0.006746031,0.027883613,0.037668068,0.029081274,0.016173414211679896
B_mean,0.006262749575908769,0.005112773671632358,0.010754955461670544,0.012424065468383576,0.006477979918417258,0.0039502755,0.0124907,0.009102478,0.022291018,0.013212109,0.010207910394871275
V_std,0.006041294073658415,0.006338800349696827,0.03498875624212857,0.004928117418119333,0.005429867528972394,0.005019096,0.0061293426,0.006256811,0.0074742576,0.005181887,0.008778823005444837
glcm_contrast,0.006604568418347261,0.004544898440732604,0.010839723362121896,0.00608038908984196,0.006026822735919203,0.009723531,0.006058999,0.011017584,0.012786036,0.0063981805,0.008008073309971327
ExR_p90,0.0023261432054910262,0.004557043668852248,0.004779234057562364,0.0054320891709948235,0.005827510572864199,0.0057903794,0.009550966,0.006581744,0.013726702,0.01732312,0.00758949320671719
R_std,0.007442684044895456,0.00616970331435351,0.024125973456191337,0.00425445037256547,0.00530027962191842,0.009575223,0.0043399134,0.0036080028,0.0061926334,0.00483296,0.007584182320986468
ExG_p10,0.001225899772339305,0.0015841057091484922,0.04171941607677798,0.0025705458668755926,0.001145648721719945,0.007113662,0.0032698782,0.002488776,0.007979428,0.0030851685,0.0072182529495595695
GLI_p10,0.001655257355262984,0.001693643012541322,0.030916546462770467,0.0021567326628872383,0.0009799976235142312,0.0018452489,0.015068652,0.007155795,0.0046773856,0.0029632056,0.006911246432378249
S_std,0.00849153263156268,0.009334764702048044,0.0039046646091780595,0.007652967151631609,0.002745825364335085,0.0048844963,0.009241365,0.006526884,0.009573567,0.0033954952,0.006575156180860126
glcm_dissimilarity,0.0032902022227475104,0.002152722803477079,0.00843617595157943,0.001989242681989035,0.0020695303731018606,0.013374808,0.0050944677,0.0073424014,0.006406762,0.013181577,0.006333789097402507
ExG_std,0.004664615567915309,0.004162933049544919,0.010382629510544384,0.0059745760032308545,0.003258021458056363,0.008012195,0.00635852,0.0036336326,0.009928129,0.0068780226,0.006325327464460291
NGRDI_p10,0.0017877841213780653,0.0021905910333173827,0.0055933805605703655,0.003620153008275113,0.004917917603921649,0.011856042,0.0023153117,0.006631141,0.0063939197,0.00513317,0.0050439410799343965
ExGR_p10,0.0011315797171805907,0.0015724240211803066,0.005981915282069184,0.0028407896573915334,0.00488205359630028,0.005348895,0.0065656696,0.0050402936,0.0040524127,0.010627753,0.004804378639329042
ExG_p90,0.0014753440941694211,0.002315414326149298,0.0036868988886848827,0.0018388457075521301,0.0016916821524748593,0.004357311,0.0068601654,0.0074408,0.010539564,0.0056987023,0.004590472795285718
GLI_p90,0.0016204416135993864,0.002396678071729073,0.003226450072772866,0.0022174539647175856,0.0014509734907817958,0.0051937737,0.005758782,0.003702118,0.013393404,0.006893989,0.004585406397619707
GLI_std,0.0019858713979781185,0.0012051962131547824,0.006602895827376292,0.0015027557802256277,0.0015421953185211707,0.005231329,0.001036839,0.019891692,0.0021751614,0.0026335374,0.004380747339540475
G_mean,0.003035768313241402,0.0014401638525514619,0.020251367897591892,0.0016741713059176193,0.0016691431997077314,0.0042907773,0.0044444106,0.001814391,0.002685357,0.0020627573,0.004336830753658888
VARI_p10,0.0015186046151818686,0.002127195851189159,0.006908759974090152,0.0026989694247062505,0.0026942420787837065,0.008264717,0.0063628084,0.0036076435,0.0020982504,0.00675859,0.004303978126108099
ExGR_std,0.0015317958413607429,0.001289665027615487,0.004989456892210447,0.0023743522762482107,0.0019542875857307945,0.0031288934,0.014901714,0.0029551568,0.0019136221,0.00772244,0.00427613846211238
ExR_p10,0.0022247115672748264,0.0013297280617677442,0.0028298753708845517,0.0016797902486076698,0.0019045525509990633,0.008670334,0.0057737557,0.0039187423,0.0055359723,0.0073526017,0.004122006363096024
S_mean,0.005457610518679998,0.0029435858863373567,0.0032521809747105587,0.003442771992143078,0.0039807281726866196,0.00883722,0.002822804,0.0024582518,0.0032809358,0.003915608,0.004039169735360698
NGRDI_p90,0.0017170675823500747,0.0006142407733400575,0.0041934909942649866,0.0008889938937779786,0.0012285416560803887,0.0,0.00093385595,0.0072980938,0.007350911,0.012624513,0.0036849708879780575
cover_fraction,0.0016711141320075622,0.0016294476498492738,0.0025808386063109374,0.0018878312306761123,0.0016638093700101417,0.009361387,0.006275432,0.0027478684,0.006480983,0.0023480563,0.0036646768112889388
H_std,0.0019448039497879839,0.002383149815811006,0.004006170658522186,0.0019462013168823824,0.0023467090829942623,0.0034123976,0.0068661836,0.0027081359,0.0043121856,0.0060637053,0.0035989642751990763
NGRDI_std,0.002301205505539718,0.0013025341933282533,0.006934144609403882,0.003237148763564773,0.0021710708872329965,0.0033331432,0.00605438,0.0038037347,0.0011075133,0.0020352926,0.0032280167681821652
ExGR_p90,0.0017539119431302002,0.0013788064805708418,0.003018130401847813,0.002317017770137782,0.0012741117387801907,0.003927641,0.0037538323,0.006301144,0.0018072427,0.006362626,0.0031894464475306582
glcm_homogeneity,0.002577025476176616,0.0015897590636622955,0.005818087442835021,0.0022301633606916214,0.002514445595371745,0.0025213447,0.003926049,0.0017871336,0.0016041581,0.0068599666,0.003142813288581839
GLI_mean,0.0010914623668898428,0.0006921664816236437,0.0037123942601889697,0.0008415122118878985,0.0005057914274130843,0.0022923187,0.0063310955,0.009454525,0.0039004772,0.0019716625,0.003079340573831387
VARI_std,0.0015904478730855984,0.0014077828414033073,0.0057319620358832965,0.001791807490906807,0.0016904849193439219,0.0019570063,0.0022530768,0.0031385887,0.0061454996,0.0013425063,0.0027049162859972753
R_mean,0.0007760885164650438,0.0010177043155195924,0.003323804701046917,0.0009995335725491831,0.0009382438556120011,0.011619096,0.0012597528,0.0020094232,0.002378618,0.002414937,0.0026737201660717858
VARI_p90,0.001386302681006787,0.0009663843298174246,0.0021633151195333414,0.0014320617978599494,0.0011854008817194233,0.002477573,0.002841029,0.004386542,0.0076033147,0.0015697252,0.0026011648719628795
ExR_mean,0.0008952962966997754,0.0007887419139218425,0.0020605476760914196,0.0014695163504366688,0.0010715653300958972,0.0060391915,0.0019093564,0.0030551995,0.0063536037,0.002008227,0.002565124564218515
H_mean,0.0007522114344155511,0.0007262701195422238,0.0020300487370636553,0.0011776434052016827,0.000689235562214941,0.0037014314,0.0029936612,0.004645122,0.0024385855,0.004255179,0.0023409388486204446
ExR_p50,0.000855534201824573,0.0007225920576336659,0.0016992339654747413,0.0010756349159855459,0.0008866421316732466,0.003919239,0.0039895293,0.0020156896,0.0058925534,0.002254896,0.0023311544845040027
ExGR_mean,0.0007469049135798796,0.0007762798862660411,0.0015316025266826452,0.0010412943396997838,0.0007631827507868851,0.004844534,0.0025340356,0.0028901617,0.0027218212,0.004922446,0.0022772262979693933
ExG_mean,0.0011066027589559263,0.0010069258446604452,0.0020415119089067404,0.001185768670158852,0.00047843766796818257,0.0013779914,0.0022201706,0.0020757897,0.007676506,0.0022561948,0.0021425899330268935
ExG_p50,0.000603952943010334,0.0006778639282246343,0.0011778774858551826,0.0007215071624776521,0.0006746538245439934,0.0020279754,0.002728471,0.0017171276,0.003929432,0.0070042354,0.0021263096854339117
V_mean,0.001172480675659912,0.0011901010977185774,0.0022684652309772403,0.0009258569419128317,0.0009378503765021325,0.0017598354,0.0012059566,0.0019261934,0.0036580176,0.00560198,0.0020646737053025225
ExGR_p50,0.0008339824910033681,0.0009466322722113086,0.0014003778645101737,0.0008493496402102718,0.0005861594302190473,0.0022749947,0.005519732,0.0013376469,0.0022598314,0.0022249876,0.0018233694209600943
GLI_p50,0.0006329626118577438,0.0007610708441898922,0.0009800592022851053,0.0010667306342377976,0.0005729627425293412,0.0020917684,0.0015990322,0.0031569435,0.0031775243,0.003790239,0.0017829293560678021
VARI_mean,0.0005303822541989047,0.0004883497683407197,0.0016234156079417224,0.0005585858648305062,0.0005493706713645916,0.0037067968,0.00088886626,0.00073421793,0.0023124923,0.0023843944,0.0013776871900183303
NGRDI_p50,0.000656623182847268,0.0005059915464929553,0.001166844701444643,0.0005299645312989982,0.0003275242275237272,0.0022290237,0.0011514619,0.0012280329,0.004807349,0.00089805026,0.0013500865723102124
NGRDI_mean,0.000556982313167102,0.00048367052748010984,0.0015423009101817626,0.0005460969844232033,0.00044377477039969344,0.0018530276,0.0002962272,0.0040433304,0.0009823277,0.0025308807,0.0013278619229348714
VARI_p50,0.0005510378137545353,0.0005420699274924249,0.0014002379072504782,0.000528897384482071,0.0004005839351451712,0.0018066417,0.0016187194,0.0008843047,0.0016087282,0.0008557425,0.0010196963473680042
