model,row,stage,AoV,veg_fraction
mobilenetv3,4,0,0.38462644815444946,0.223963133640553
mobilenetv3,6,0,0.1587548553943634,0.1513536866359447
mobilenetv3,7,0,0.2591610848903656,0.2995103686635945
mobilenetv3,19,0,0.43803519010543823,0.342684331797235
mobilenetv3,21,0,0.3957246243953705,0.2943836405529954
mobilenetv3,31,0,0.49754562973976135,0.3872119815668203
mobilenetv3,35,0,0.0008427080465480685,0.00797811059907834
mobilenetv3,37,0,0.5148283839225769,0.36215437788018434
mobilenetv3,50,0,2.714578113227617e-05,0.0015841013824884793
mobilenetv3,55,0,0.0004758546419907361,0.001238479262672811
mobilenetv3,59,0,0.0435529462993145,0.07413594470046082
mobilenetv3,61,0,2.286994094902184e-05,0.003974654377880184
mobilenetv3,67,0,0.01301890704780817,0.33168202764976956
mobilenetv3,69,0,0.15806373953819275,0.3033410138248848
mobilenetv3,71,0,0.11361170560121536,0.16805875576036866
mobilenetv3,74,0,0.08959588408470154,0.06347926267281107
mobilenetv3,76,0,0.0,0.0813652073732719
mobilenetv3,82,0,0.010590825229883194,0.008784562211981567
mobilenetv3,92,1,0.43544211983680725,0.41431451612903225
mobilenetv3,94,1,0.22087714076042175,0.2834389400921659
mobilenetv3,95,1,0.4524436891078949,0.5217165898617512
mobilenetv3,107,1,0.468968003988266,0.4314228110599078
mobilenetv3,109,1,0.331851989030838,0.31630184331797234
mobilenetv3,119,1,0.5696927309036255,0.5144873271889401
mobilenetv3,123,1,0.2719588577747345,0.3597926267281106
mobilenetv3,125,1,0.3235340416431427,0.47021889400921657
mobilenetv3,138,1,0.1721200942993164,0.33214285714285713
mobilenetv3,143,1,2.4120952730299905e-05,0.0011808755760368663
mobilenetv3,147,1,0.37651532888412476,0.48133640552995394
mobilenetv3,149,1,0.0,0.0
mobilenetv3,155,1,0.03317274525761604,0.20725806451612902
mobilenetv3,157,1,0.06498286873102188,0.5662730414746544
mobilenetv3,159,1,0.28314560651779175,0.43732718894009215
mobilenetv3,162,1,0.2159547060728073,0.4779089861751152
mobilenetv3,164,1,0.0010474813170731068,0.13726958525345623
mobilenetv3,170,1,0.005311730783432722,0.005587557603686636
mobilenetv3,180,2,0.1947525441646576,0.26327764976958523
mobilenetv3,182,2,0.023047229275107384,0.06491935483870968
mobilenetv3,183,2,0.3087089955806732,0.4417338709677419
mobilenetv3,195,2,0.21645289659500122,0.3059331797235023
mobilenetv3,197,2,0.006863484159111977,0.01716589861751152
mobilenetv3,207,2,0.16110478341579437,0.44536290322580646
mobilenetv3,211,2,0.08009498566389084,0.40025921658986174
mobilenetv3,213,2,0.12924350798130035,0.35889976958525344
mobilenetv3,226,2,0.30507224798202515,0.4016993087557604
mobilenetv3,231,2,1.7772375940694474e-05,0.007373271889400922
mobilenetv3,235,2,0.3535118103027344,0.523991935483871
mobilenetv3,237,2,0.0018413347424939275,0.0004608294930875576
mobilenetv3,243,2,0.058177050203084946,0.2610311059907834
mobilenetv3,245,2,0.4426780045032501,0.5828052995391705
mobilenetv3,247,2,0.24215959012508392,0.496860599078341
mobilenetv3,250,2,0.25672075152397156,0.47816820276497696
mobilenetv3,252,2,0.0885607898235321,0.18891129032258064
mobilenetv3,258,2,0.07270657271146774,0.04688940092165898
mobilenetv3,1,0,0.0011080922558903694,0.21523617511520737
mobilenetv3,5,0,0.05246894061565399,0.31840437788018433
mobilenetv3,17,0,0.3145349621772766,0.3269873271889401
mobilenetv3,22,0,0.0,0.16345046082949308
mobilenetv3,25,0,0.20997492969036102,0.39256912442396313
mobilenetv3,28,0,0.4209839105606079,0.39556451612903226
mobilenetv3,38,0,0.024051638320088387,0.36722350230414746
mobilenetv3,41,0,0.0,0.004089861751152074
mobilenetv3,43,0,0.0,0.044038018433179726
mobilenetv3,49,0,0.0,0.0027649769585253456
mobilenetv3,52,0,0.0,0.19014976958525345
mobilenetv3,53,0,0.0,0.24110023041474654
mobilenetv3,54,0,0.13265804946422577,0.30288018433179725
mobilenetv3,72,0,0.005355356261134148,0.07508640552995392
mobilenetv3,73,0,0.0,0.04844470046082949
mobilenetv3,75,0,0.001491838600486517,0.057805299539170504
mobilenetv3,80,0,0.0,0.02142857142857143
mobilenetv3,85,0,0.0,0.4221198156682028
mobilenetv3,89,1,0.3809618651866913,0.4631336405529954
mobilenetv3,93,1,0.4752805233001709,0.4767857142857143
mobilenetv3,105,1,0.5440403819084167,0.4772753456221198
mobilenetv3,110,1,0.2562805712223053,0.3816820276497696
mobilenetv3,113,1,0.4248069226741791,0.5299539170506913
mobilenetv3,116,1,0.4017573893070221,0.4839573732718894
mobilenetv3,126,1,0.46586742997169495,0.43796082949308757
mobilenetv3,129,1,0.18862229585647583,0.3978110599078341
mobilenetv3,131,1,0.00011722115596057847,0.02353110599078341
mobilenetv3,137,1,0.0,0.002304147465437788
mobilenetv3,140,1,0.0016608599107712507,0.21503456221198156
mobilenetv3,141,1,0.08144736289978027,0.5166762672811059
mobilenetv3,142,1,0.1761678010225296,0.5631912442396313
mobilenetv3,160,1,0.21326859295368195,0.4745103686635945
mobilenetv3,161,1,0.0011849922593683004,0.008006912442396314
mobilenetv3,163,1,0.15749390423297882,0.48004032258064516
mobilenetv3,168,1,0.10698655247688293,0.3995679723502304
mobilenetv3,173,1,0.03357778117060661,0.3523905529953917
mobilenetv3,177,2,0.1558515876531601,0.31828917050691247
mobilenetv3,181,2,0.10564401745796204,0.38629032258064516
mobilenetv3,193,2,0.19029228389263153,0.3714573732718894
mobilenetv3,198,2,0.28904297947883606,0.2746543778801843
mobilenetv3,201,2,0.223972886800766,0.4816532258064516
mobilenetv3,204,2,0.3315209150314331,0.47528801843317975
mobilenetv3,214,2,0.3018421530723572,0.35817972350230415
mobilenetv3,217,2,0.2693452835083008,0.4735311059907834
mobilenetv3,219,2,0.005466509610414505,0.015207373271889401
mobilenetv3,225,2,0.00783336628228426,0.025288018433179724
mobilenetv3,228,2,0.09006652235984802,0.22632488479262672
mobilenetv3,229,2,0.27687081694602966,0.49720622119815666
mobilenetv3,230,2,0.39864158630371094,0.5725518433179724
mobilenetv3,248,2,0.4024587869644165,0.5428571428571428
mobilenetv3,249,2,0.0026610498316586018,0.0032834101382488478
mobilenetv3,251,2,0.36619213223457336,0.544815668202765
mobilenetv3,256,2,0.1837417632341385,0.47998271889400923
mobilenetv3,261,2,0.22514523565769196,0.4099366359447005
mobilenetv3,3,0,0.10144030302762985,0.31900921658986175
mobilenetv3,8,0,0.0,0.3339573732718894
mobilenetv3,10,0,0.0,0.20360023041474654
mobilenetv3,11,0,0.04304691404104233,0.2101094470046083
mobilenetv3,32,0,0.17636267840862274,0.3919642857142857
mobilenetv3,34,0,0.010380547493696213,0.016013824884792627
mobilenetv3,36,0,0.18431295454502106,0.39763824884792626
mobilenetv3,45,0,0.0,0.11814516129032258
mobilenetv3,46,0,0.0,0.02217741935483871
mobilenetv3,48,0,0.0,0.1513536866359447
mobilenetv3,56,0,0.0,0.007546082949308756
mobilenetv3,62,0,0.0029158731922507286,0.014285714285714285
mobilenetv3,70,0,0.00016468657122459263,0.2436635944700461
mobilenetv3,77,0,0.0,0.15400345622119815
mobilenetv3,79,0,0.006810300052165985,0.01728110599078341
mobilenetv3,81,0,0.06134359538555145,0.15731566820276496
mobilenetv3,83,0,0.0,0.022148617511520738
mobilenetv3,86,0,0.0,0.3236175115207373
mobilenetv3,91,1,0.3306921720504761,0.3349078341013825
mobilenetv3,96,1,0.5917017459869385,0.4783122119815668
mobilenetv3,98,1,0.6127293705940247,0.4576036866359447
mobilenetv3,99,1,0.6666476726531982,0.4894585253456221
mobilenetv3,120,1,0.5144053101539612,0.4645161290322581
mobilenetv3,122,1,0.31509530544281006,0.2859735023041475
mobilenetv3,124,1,0.4782244563102722,0.34997119815668204
mobilenetv3,133,1,0.3248617351055145,0.5141705069124424
mobilenetv3,134,1,0.001107536954805255,0.016935483870967744
mobilenetv3,136,1,0.3149016797542572,0.5508640552995392
mobilenetv3,144,1,0.1824840009212494,0.4269585253456221
mobilenetv3,150,1,0.09129675477743149,0.30809331797235023
mobilenetv3,158,1,0.014565215446054935,0.10642281105990783
mobilenetv3,165,1,0.33089450001716614,0.43470622119815666
mobilenetv3,167,1,0.000623931409791112,0.0013824884792626728
mobilenetv3,169,1,0.31061285734176636,0.5356854838709677
mobilenetv3,171,1,0.19257117807865143,0.5335253456221198
mobilenetv3,174,1,0.31798455119132996,0.5982142857142857
mobilenetv3,179,2,0.055938102304935455,0.052188940092165896
mobilenetv3,184,2,0.2884657382965088,0.4080069124423963
mobilenetv3,186,2,0.3749634623527527,0.4319988479262673
mobilenetv3,187,2,0.3346780240535736,0.4674539170506912
mobilenetv3,208,2,0.32457441091537476,0.4256336405529954
mobilenetv3,210,2,0.34680816531181335,0.31474654377880185
mobilenetv3,212,2,0.10912635922431946,0.1170794930875576
mobilenetv3,221,2,0.46919476985931396,0.5481278801843318
mobilenetv3,222,2,0.012908314354717731,0.02353110599078341
mobilenetv3,224,2,0.36269405484199524,0.5997983870967742
mobilenetv3,232,2,0.3242027759552002,0.4217741935483871
mobilenetv3,238,2,0.23536323010921478,0.34369239631336407
mobilenetv3,246,2,0.0077536869794130325,0.07563364055299539
mobilenetv3,253,2,0.3793039321899414,0.5673963133640553
mobilenetv3,255,2,0.057180386036634445,0.028629032258064516
mobilenetv3,257,2,0.41269606351852417,0.6416186635944701
mobilenetv3,259,2,0.6148502230644226,0.6129320276497696
mobilenetv3,262,2,0.49097418785095215,0.6585829493087557
mobilenetv3,12,0,0.18685020506381989,0.2576036866359447
mobilenetv3,14,0,0.27841031551361084,0.3077188940092166
mobilenetv3,15,0,0.12755320966243744,0.2945852534562212
mobilenetv3,16,0,0.31499555706977844,0.2711405529953917
mobilenetv3,20,0,0.04957125335931778,0.3893145161290323
mobilenetv3,23,0,0.0650096982717514,0.15754608294930875
mobilenetv3,27,0,0.24362020194530487,0.48004032258064516
mobilenetv3,29,0,0.45827826857566833,0.44559331797235024
mobilenetv3,30,0,0.19630706310272217,0.39256912442396313
mobilenetv3,42,0,0.0,0.17776497695852533
mobilenetv3,44,0,0.0,0.06589861751152074
mobilenetv3,60,0,0.18628135323524475,0.24513248847926267
mobilenetv3,63,0,0.0018279148498550057,0.003369815668202765
mobilenetv3,64,0,0.356166273355484,0.3398905529953917
mobilenetv3,66,0,0.3115573823451996,0.3743951612903226
mobilenetv3,78,0,0.0,0.09821428571428571
mobilenetv3,87,0,0.0,0.2764688940092166
mobilenetv3,100,1,0.3841240108013153,0.3328052995391705
mobilenetv3,102,1,0.5113012790679932,0.44631336405529953
mobilenetv3,103,1,0.11586916446685791,0.26307603686635944
mobilenetv3,104,1,0.6023331880569458,0.41278801843317975
mobilenetv3,108,1,0.6131607890129089,0.44294354838709676
mobilenetv3,111,1,0.7072970271110535,0.470823732718894
mobilenetv3,115,1,0.5960785150527954,0.5047523041474654
mobilenetv3,117,1,0.7112846970558167,0.5555587557603686
mobilenetv3,118,1,0.549409806728363,0.4494239631336406
mobilenetv3,130,1,0.19696840643882751,0.5818548387096775
mobilenetv3,132,1,0.12150736153125763,0.4584101382488479
mobilenetv3,148,1,0.40741145610809326,0.6322004608294931
mobilenetv3,151,1,0.09093053638935089,0.41402649769585254
mobilenetv3,152,1,0.23111437261104584,0.3553859447004608
mobilenetv3,154,1,0.4389995038509369,0.5942972350230414
mobilenetv3,166,1,0.2279660850763321,0.5298387096774193
mobilenetv3,175,1,0.497733473777771,0.6384792626728111
mobilenetv3,188,2,0.1222485676407814,0.23764400921658987
mobilenetv3,190,2,0.540503203868866,0.3946716589861751
mobilenetv3,191,2,0.057525549083948135,0.08119239631336406
mobilenetv3,192,2,0.2676851451396942,0.3320564516129032
mobilenetv3,196,2,0.34470194578170776,0.34389400921658986
mobilenetv3,199,2,0.37501227855682373,0.39213709677419356
mobilenetv3,203,2,0.4835647642612457,0.43099078341013825
mobilenetv3,205,2,0.4559125006198883,0.48315092165898615
mobilenetv3,206,2,0.450530469417572,0.32816820276497694
mobilenetv3,218,2,0.48656654357910156,0.5915610599078341
mobilenetv3,220,2,0.3610021770000458,0.4846774193548387
mobilenetv3,236,2,0.5075801610946655,0.6200748847926267
mobilenetv3,239,2,0.5543906688690186,0.5463133640552995
mobilenetv3,240,2,0.16804669797420502,0.29565092165898615
mobilenetv3,242,2,0.5921707153320312,0.6503744239631336
mobilenetv3,254,2,0.5046147704124451,0.6654665898617511
mobilenetv3,263,2,0.5566819310188293,0.7289458525345622
mobilenetv3,0,0,9.245562250725925e-05,0.1767569124423963
mobilenetv3,2,0,0.03303871303796768,0.1382200460829493
mobilenetv3,9,0,0.0,0.2154377880184332
mobilenetv3,13,0,0.08299585431814194,0.33251728110599077
mobilenetv3,18,0,0.23536166548728943,0.3577476958525346
mobilenetv3,24,0,0.0,0.2899193548387097
mobilenetv3,26,0,0.03252744674682617,0.40826612903225806
mobilenetv3,33,0,0.0,0.05339861751152074
mobilenetv3,39,0,0.0,0.027246543778801844
mobilenetv3,40,0,0.0,0.04233870967741935
mobilenetv3,47,0,0.019697660580277443,0.22157258064516128
mobilenetv3,51,0,0.0,0.0019297235023041474
mobilenetv3,57,0,0.0,0.0015841013824884793
mobilenetv3,58,0,0.0,0.2315668202764977
mobilenetv3,65,0,0.017653245478868484,0.43516705069124423
mobilenetv3,68,0,0.0,0.1855126728110599
mobilenetv3,84,0,0.0,0.01765552995391705
mobilenetv3,88,1,0.10318632423877716,0.23908410138248848
mobilenetv3,90,1,0.5352488160133362,0.44317396313364055
mobilenetv3,97,1,0.03628077730536461,0.3684043778801843
mobilenetv3,101,1,0.5544427037239075,0.4655529953917051
mobilenetv3,106,1,0.10107553750276566,0.36722350230414746
mobilenetv3,112,1,0.24084463715553284,0.3413594470046083
mobilenetv3,114,1,0.378878653049469,0.47923387096774195
mobilenetv3,121,1,0.05492503568530083,0.13660714285714284
mobilenetv3,127,1,0.03884448483586311,0.14380760368663595
mobilenetv3,128,1,0.0,0.038536866359447
mobilenetv3,135,1,0.6195101141929626,0.5556451612903226
mobilenetv3,139,1,0.0039818305522203445,0.44663018433179724
mobilenetv3,145,1,0.43967726826667786,0.5466589861751152
mobilenetv3,146,1,0.03331669420003891,0.26327764976958523
mobilenetv3,153,1,0.2958512604236603,0.5623559907834101
mobilenetv3,156,1,0.18256577849388123,0.5091589861751152
mobilenetv3,172,1,0.05776188522577286,0.5269297235023042
mobilenetv3,176,2,0.0022988838609308004,0.001987327188940092
mobilenetv3,178,2,0.32147762179374695,0.36929723502304146
mobilenetv3,185,2,0.06470566987991333,0.3300115207373272
mobilenetv3,189,2,0.33035343885421753,0.42474078341013827
mobilenetv3,194,2,0.027544651180505753,0.1008352534562212
mobilenetv3,200,2,0.027219951152801514,0.10924539170506913
mobilenetv3,202,2,0.5364429354667664,0.4552995391705069
mobilenetv3,209,2,0.026568610221147537,0.04058179723502304
mobilenetv3,215,2,0.0005469469469971955,0.003369815668202765
mobilenetv3,216,2,0.02089616470038891,0.028859447004608296
mobilenetv3,223,2,0.323282390832901,0.5025633640552996
mobilenetv3,227,2,0.27431371808052063,0.5295218894009217
mobilenetv3,233,2,0.49261584877967834,0.6066820276497696
mobilenetv3,234,2,0.04415646940469742,0.28024193548387094
mobilenetv3,241,2,0.31405767798423767,0.5252016129032258
mobilenetv3,244,2,0.345663845539093,0.5450460829493088
mobilenetv3,260,2,0.3888073265552521,0.6332373271889401
resnet50,4,0,0.012172359973192215,0.223963133640553
resnet50,6,0,3.756009755306877e-05,0.1513536866359447
resnet50,7,0,9.53448616201058e-05,0.2995103686635945
resnet50,19,0,0.006032729055732489,0.342684331797235
resnet50,21,0,0.0146282147616148,0.2943836405529954
resnet50,31,0,0.7636294364929199,0.3872119815668203
resnet50,35,0,0.0,0.00797811059907834
resnet50,37,0,0.0,0.36215437788018434
resnet50,50,0,0.0,0.0015841013824884793
resnet50,55,0,0.0,0.001238479262672811
resnet50,59,0,0.0,0.07413594470046082
resnet50,61,0,0.0,0.003974654377880184
resnet50,67,0,0.013018907979130745,0.33168202764976956
resnet50,69,0,0.0,0.3033410138248848
resnet50,71,0,0.0,0.16805875576036866
resnet50,74,0,0.0,0.06347926267281107
resnet50,76,0,0.0,0.0813652073732719
resnet50,82,0,0.0,0.008784562211981567
resnet50,92,1,0.5819246768951416,0.41431451612903225
resnet50,94,1,0.37157347798347473,0.2834389400921659
resnet50,95,1,0.652787983417511,0.5217165898617512
resnet50,107,1,0.6643285155296326,0.4314228110599078
resnet50,109,1,0.5410643815994263,0.31630184331797234
resnet50,119,1,0.6663830280303955,0.5144873271889401
resnet50,123,1,0.6576144099235535,0.3597926267281106
resnet50,125,1,0.6725854873657227,0.47021889400921657
resnet50,138,1,0.19014747440814972,0.33214285714285713
resnet50,143,1,0.0,0.0011808755760368663
resnet50,147,1,0.5579304695129395,0.48133640552995394
resnet50,149,1,0.0,0.0
resnet50,155,1,0.3438855707645416,0.20725806451612902
resnet50,157,1,0.508115291595459,0.5662730414746544
resnet50,159,1,0.4826577305793762,0.43732718894009215
resnet50,162,1,0.46408796310424805,0.4779089861751152
resnet50,164,1,0.14452098309993744,0.13726958525345623
resnet50,170,1,0.0008321006316691637,0.005587557603686636
resnet50,180,2,0.3833257555961609,0.26327764976958523
resnet50,182,2,0.07972054928541183,0.06491935483870968
resnet50,183,2,0.546216607093811,0.4417338709677419
resnet50,195,2,0.4519307017326355,0.3059331797235023
resnet50,197,2,0.022889558225870132,0.01716589861751152
resnet50,207,2,0.5497474670410156,0.44536290322580646
resnet50,211,2,0.5369372367858887,0.40025921658986174
resnet50,213,2,0.44358494877815247,0.35889976958525344
resnet50,226,2,0.45017844438552856,0.4016993087557604
resnet50,231,2,0.01780439168214798,0.007373271889400922
resnet50,235,2,0.6180208921432495,0.523991935483871
resnet50,237,2,0.0005767192342318594,0.0004608294930875576
resnet50,243,2,0.2522839903831482,0.2610311059907834
resnet50,245,2,0.5946903824806213,0.5828052995391705
resnet50,247,2,0.6052358746528625,0.496860599078341
resnet50,250,2,0.5251418352127075,0.47816820276497696
resnet50,252,2,0.22250334918498993,0.18891129032258064
resnet50,258,2,0.020162953063845634,0.04688940092165898
resnet50,1,0,0.0011123566655442119,0.21523617511520737
resnet50,5,0,0.0026580991689115763,0.31840437788018433
resnet50,17,0,0.0,0.3269873271889401
resnet50,22,0,0.0,0.16345046082949308
resnet50,25,0,0.31628671288490295,0.39256912442396313
resnet50,28,0,0.8260738849639893,0.39556451612903226
resnet50,38,0,0.00010401257895864546,0.36722350230414746
resnet50,41,0,0.0,0.004089861751152074
resnet50,43,0,0.0,0.044038018433179726
resnet50,49,0,0.0,0.0027649769585253456
resnet50,52,0,0.0,0.19014976958525345
resnet50,53,0,0.7419157028198242,0.24110023041474654
resnet50,54,0,0.0,0.30288018433179725
resnet50,72,0,0.0,0.07508640552995392
resnet50,73,0,0.0,0.04844470046082949
resnet50,75,0,0.0,0.057805299539170504
resnet50,80,0,0.0,0.02142857142857143
resnet50,85,0,0.0,0.4221198156682028
resnet50,89,1,0.5247863531112671,0.4631336405529954
resnet50,93,1,0.45708444714546204,0.4767857142857143
resnet50,105,1,0.5806424021720886,0.4772753456221198
resnet50,110,1,0.4853213429450989,0.3816820276497696
resnet50,113,1,0.6825850009918213,0.5299539170506913
resnet50,116,1,0.7452090382575989,0.4839573732718894
resnet50,126,1,0.7027184367179871,0.43796082949308757
resnet50,129,1,0.33962202072143555,0.3978110599078341
resnet50,131,1,0.02676668018102646,0.02353110599078341
resnet50,137,1,0.00041130874888040125,0.002304147465437788
resnet50,140,1,0.015632566064596176,0.21503456221198156
resnet50,141,1,0.44202351570129395,0.5166762672811059
resnet50,142,1,0.5110490918159485,0.5631912442396313
resnet50,160,1,0.3878937065601349,0.4745103686635945
resnet50,161,1,0.0013364714104682207,0.008006912442396314
resnet50,163,1,0.4121937155723572,0.48004032258064516
resnet50,168,1,0.4349125623703003,0.3995679723502304
resnet50,173,1,0.4188428521156311,0.3523905529953917
resnet50,177,2,0.4091591238975525,0.31828917050691247
resnet50,181,2,0.5002368092536926,0.38629032258064516
resnet50,193,2,0.495048850774765,0.3714573732718894
resnet50,198,2,0.3810531795024872,0.2746543778801843
resnet50,201,2,0.6078590154647827,0.4816532258064516
resnet50,204,2,0.6733142137527466,0.47528801843317975
resnet50,214,2,0.6268464922904968,0.35817972350230415
resnet50,217,2,0.5481651425361633,0.4735311059907834
resnet50,219,2,0.009028383530676365,0.015207373271889401
resnet50,225,2,0.01001050602644682,0.025288018433179724
resnet50,228,2,0.2888419032096863,0.22632488479262672
resnet50,229,2,0.5646620988845825,0.49720622119815666
resnet50,230,2,0.6303638219833374,0.5725518433179724
resnet50,248,2,0.6318470239639282,0.5428571428571428
resnet50,249,2,0.0034775289241224527,0.0032834101382488478
resnet50,251,2,0.6256147027015686,0.544815668202765
resnet50,256,2,0.5708349347114563,0.47998271889400923
resnet50,261,2,0.37988248467445374,0.4099366359447005
resnet50,3,0,0.016795139759778976,0.31900921658986175
resnet50,8,0,0.0,0.3339573732718894
resnet50,10,0,0.0,0.20360023041474654
resnet50,11,0,0.0,0.2101094470046083
resnet50,32,0,0.0,0.3919642857142857
resnet50,34,0,0.0,0.016013824884792627
resnet50,36,0,4.622780761565082e-05,0.39763824884792626
resnet50,45,0,0.0,0.11814516129032258
resnet50,46,0,0.0,0.02217741935483871
resnet50,48,0,0.0,0.1513536866359447
resnet50,56,0,0.0,0.007546082949308756
resnet50,62,0,0.0,0.014285714285714285
resnet50,70,0,0.00016468658577650785,0.2436635944700461
resnet50,77,0,0.0,0.15400345622119815
resnet50,79,0,0.0,0.01728110599078341
resnet50,81,0,0.0,0.15731566820276496
resnet50,83,0,0.0,0.022148617511520738
resnet50,86,0,0.0,0.3236175115207373
resnet50,91,1,0.626532256603241,0.3349078341013825
resnet50,96,1,0.6782869696617126,0.4783122119815668
resnet50,98,1,0.49549606442451477,0.4576036866359447
resnet50,99,1,0.6493088006973267,0.4894585253456221
resnet50,120,1,0.6667433381080627,0.4645161290322581
resnet50,122,1,0.38697198033332825,0.2859735023041475
resnet50,124,1,0.5128241777420044,0.34997119815668204
resnet50,133,1,0.5101977586746216,0.5141705069124424
resnet50,134,1,0.01749703474342823,0.016935483870967744
resnet50,136,1,0.6050649285316467,0.5508640552995392
resnet50,144,1,0.4398258328437805,0.4269585253456221
resnet50,150,1,0.3461144268512726,0.30809331797235023
resnet50,158,1,0.07531139999628067,0.10642281105990783
resnet50,165,1,0.5121479630470276,0.43470622119815666
resnet50,167,1,0.0,0.0013824884792626728
resnet50,169,1,0.5720925331115723,0.5356854838709677
resnet50,171,1,0.5183923244476318,0.5335253456221198
resnet50,174,1,0.5774738788604736,0.5982142857142857
resnet50,179,2,0.03775506839156151,0.052188940092165896
resnet50,184,2,0.559615969657898,0.4080069124423963
resnet50,186,2,0.511223554611206,0.4319988479262673
resnet50,187,2,0.621399998664856,0.4674539170506912
resnet50,208,2,0.5728527903556824,0.4256336405529954
resnet50,210,2,0.3236342966556549,0.31474654377880185
resnet50,212,2,0.18332460522651672,0.1170794930875576
resnet50,221,2,0.6577678918838501,0.5481278801843318
resnet50,222,2,0.0255909226834774,0.02353110599078341
resnet50,224,2,0.6874708533287048,0.5997983870967742
resnet50,232,2,0.4763798415660858,0.4217741935483871
resnet50,238,2,0.45090481638908386,0.34369239631336407
resnet50,246,2,0.11762923002243042,0.07563364055299539
resnet50,253,2,0.6513918042182922,0.5673963133640553
resnet50,255,2,0.08013886958360672,0.028629032258064516
resnet50,257,2,0.6971116662025452,0.6416186635944701
resnet50,259,2,0.6786020994186401,0.6129320276497696
resnet50,262,2,0.6618890762329102,0.6585829493087557
resnet50,12,0,0.44387587904930115,0.2576036866359447
resnet50,14,0,8.667714610055555e-06,0.3077188940092166
resnet50,15,0,0.0,0.2945852534562212
resnet50,16,0,0.0,0.2711405529953917
resnet50,20,0,0.011452941223978996,0.3893145161290323
resnet50,23,0,0.0,0.15754608294930875
resnet50,27,0,0.9312973618507385,0.48004032258064516
resnet50,29,0,0.744028627872467,0.44559331797235024
resnet50,30,0,0.8515084385871887,0.39256912442396313
resnet50,42,0,0.0,0.17776497695852533
resnet50,44,0,0.0,0.06589861751152074
resnet50,60,0,0.01894473470747471,0.24513248847926267
resnet50,63,0,0.0,0.003369815668202765
resnet50,64,0,0.549424946308136,0.3398905529953917
resnet50,66,0,0.0,0.3743951612903226
resnet50,78,0,0.0,0.09821428571428571
resnet50,87,0,0.0,0.2764688940092166
resnet50,100,1,0.4925893247127533,0.3328052995391705
resnet50,102,1,0.6689679026603699,0.44631336405529953
resnet50,103,1,0.38830840587615967,0.26307603686635944
resnet50,104,1,0.6506957411766052,0.41278801843317975
resnet50,108,1,0.6949787735939026,0.44294354838709676
resnet50,111,1,0.5039204359054565,0.470823732718894
resnet50,115,1,0.5973198413848877,0.5047523041474654
resnet50,117,1,0.7028966546058655,0.5555587557603686
resnet50,118,1,0.719352662563324,0.4494239631336406
resnet50,130,1,0.5240089297294617,0.5818548387096775
resnet50,132,1,0.5338456034660339,0.4584101382488479
resnet50,148,1,0.4616318941116333,0.6322004608294931
resnet50,151,1,0.5120438933372498,0.41402649769585254
resnet50,152,1,0.4656257927417755,0.3553859447004608
resnet50,154,1,0.6046667098999023,0.5942972350230414
resnet50,166,1,0.5098000764846802,0.5298387096774193
resnet50,175,1,0.533572256565094,0.6384792626728111
resnet50,188,2,0.29245442152023315,0.23764400921658987
resnet50,190,2,0.5931288599967957,0.3946716589861751
resnet50,191,2,0.09764626622200012,0.08119239631336406
resnet50,192,2,0.5441243052482605,0.3320564516129032
resnet50,196,2,0.4701879620552063,0.34389400921658986
resnet50,199,2,0.4760105311870575,0.39213709677419356
resnet50,203,2,0.5409677624702454,0.43099078341013825
resnet50,205,2,0.6190618276596069,0.48315092165898615
resnet50,206,2,0.5222383737564087,0.32816820276497694
resnet50,218,2,0.6499968767166138,0.5915610599078341
resnet50,220,2,0.6220372915267944,0.4846774193548387
resnet50,236,2,0.6686955094337463,0.6200748847926267
resnet50,239,2,0.6009562611579895,0.5463133640552995
resnet50,240,2,0.34102973341941833,0.29565092165898615
resnet50,242,2,0.7471853494644165,0.6503744239631336
resnet50,254,2,0.5625689029693604,0.6654665898617511
resnet50,263,2,0.6681413054466248,0.7289458525345622
resnet50,0,0,9.245561523130164e-05,0.1767569124423963
resnet50,2,0,0.005212185438722372,0.1382200460829493
resnet50,9,0,0.0,0.2154377880184332
resnet50,13,0,3.467085844022222e-05,0.33251728110599077
resnet50,18,0,0.0003900471201632172,0.3577476958525346
resnet50,24,0,0.0,0.2899193548387097
resnet50,26,0,1.1556952813407406e-05,0.40826612903225806
resnet50,33,0,0.0,0.05339861751152074
resnet50,39,0,0.0,0.027246543778801844
resnet50,40,0,0.0,0.04233870967741935
resnet50,47,0,0.0,0.22157258064516128
resnet50,51,0,0.0,0.0019297235023041474
resnet50,57,0,0.0,0.0015841013824884793
resnet50,58,0,0.0,0.2315668202764977
resnet50,65,0,0.017653243616223335,0.43516705069124423
resnet50,68,0,0.0,0.1855126728110599
resnet50,84,0,0.0,0.01765552995391705
resnet50,88,1,0.11139141023159027,0.23908410138248848
resnet50,90,1,0.6329073905944824,0.44317396313364055
resnet50,97,1,0.19545792043209076,0.3684043778801843
resnet50,101,1,0.5109590888023376,0.4655529953917051
resnet50,106,1,0.4618104100227356,0.36722350230414746
resnet50,112,1,0.38033393025398254,0.3413594470046083
resnet50,114,1,0.7218807935714722,0.47923387096774195
resnet50,121,1,0.09913196414709091,0.13660714285714284
resnet50,127,1,0.2729005813598633,0.14380760368663595
resnet50,128,1,0.00804450735449791,0.038536866359447
resnet50,135,1,0.40736687183380127,0.5556451612903226
resnet50,139,1,0.44789308309555054,0.44663018433179724
resnet50,145,1,0.4162451922893524,0.5466589861751152
resnet50,146,1,0.2888861298561096,0.26327764976958523
resnet50,153,1,0.4396028518676758,0.5623559907834101
resnet50,156,1,0.5001370310783386,0.5091589861751152
resnet50,172,1,0.591582715511322,0.5269297235023042
resnet50,176,2,0.0031372185330837965,0.001987327188940092
resnet50,178,2,0.5780824422836304,0.36929723502304146
resnet50,185,2,0.3624691069126129,0.3300115207373272
resnet50,189,2,0.5727910995483398,0.42474078341013827
resnet50,194,2,0.11377153545618057,0.1008352534562212
resnet50,200,2,0.07451286166906357,0.10924539170506913
resnet50,202,2,0.7228883504867554,0.4552995391705069
resnet50,209,2,0.041770678013563156,0.04058179723502304
resnet50,215,2,0.002875018399208784,0.003369815668202765
resnet50,216,2,0.020170416682958603,0.028859447004608296
resnet50,223,2,0.5677991509437561,0.5025633640552996
resnet50,227,2,0.5682473182678223,0.5295218894009217
resnet50,233,2,0.5925108790397644,0.6066820276497696
resnet50,234,2,0.37004178762435913,0.28024193548387094
resnet50,241,2,0.6062689423561096,0.5252016129032258
resnet50,244,2,0.5789106488227844,0.5450460829493088
resnet50,260,2,0.7424015998840332,0.6332373271889401
efficientnet_b0,4,0,0.5087265372276306,0.223963133640553
efficientnet_b0,6,0,0.2691352069377899,0.1513536866359447
efficientnet_b0,7,0,0.6088435649871826,0.2995103686635945
efficientnet_b0,19,0,0.6128063201904297,0.342684331797235
efficientnet_b0,21,0,0.5831263661384583,0.2943836405529954
efficientnet_b0,31,0,0.8643963932991028,0.3872119815668203
efficientnet_b0,35,0,0.0020693172700703144,0.00797811059907834
efficientnet_b0,37,0,0.7040268182754517,0.36215437788018434
efficientnet_b0,50,0,0.0,0.0015841013824884793
efficientnet_b0,55,0,0.00469632912427187,0.001238479262672811
efficientnet_b0,59,0,,0.07413594470046082
efficientnet_b0,61,0,,0.003974654377880184
efficientnet_b0,67,0,0.6071321964263916,0.33168202764976956
efficientnet_b0,69,0,,0.3033410138248848
efficientnet_b0,71,0,0.571183443069458,0.16805875576036866
efficientnet_b0,74,0,0.14534562826156616,0.06347926267281107
efficientnet_b0,76,0,0.2074265033006668,0.0813652073732719
efficientnet_b0,82,0,,0.008784562211981567
efficientnet_b0,92,1,0.6388546228408813,0.41431451612903225
efficientnet_b0,94,1,0.4110502600669861,0.2834389400921659
efficientnet_b0,95,1,0.6877670288085938,0.5217165898617512
efficientnet_b0,107,1,0.5654775500297546,0.4314228110599078
efficientnet_b0,109,1,0.17991791665554047,0.31630184331797234
efficientnet_b0,119,1,0.6678570508956909,0.5144873271889401
efficientnet_b0,123,1,0.7579893469810486,0.3597926267281106
efficientnet_b0,125,1,0.6113877892494202,0.47021889400921657
efficientnet_b0,138,1,0.17515155673027039,0.33214285714285713
efficientnet_b0,143,1,,0.0011808755760368663
efficientnet_b0,147,1,0.3577665388584137,0.48133640552995394
efficientnet_b0,149,1,,0.0
efficientnet_b0,155,1,0.2572323679924011,0.20725806451612902
efficientnet_b0,157,1,0.454037606716156,0.5662730414746544
efficientnet_b0,159,1,0.29082202911376953,0.43732718894009215
efficientnet_b0,162,1,0.33771494030952454,0.4779089861751152
efficientnet_b0,164,1,0.0028395657427608967,0.13726958525345623
efficientnet_b0,170,1,,0.005587557603686636
efficientnet_b0,180,2,0.1707606315612793,0.26327764976958523
efficientnet_b0,182,2,0.07224331796169281,0.06491935483870968
efficientnet_b0,183,2,0.37081971764564514,0.4417338709677419
efficientnet_b0,195,2,0.2696414887905121,0.3059331797235023
efficientnet_b0,197,2,0.015490569174289703,0.01716589861751152
efficientnet_b0,207,2,0.3476717174053192,0.44536290322580646
efficientnet_b0,211,2,0.35871076583862305,0.40025921658986174
efficientnet_b0,213,2,0.27839499711990356,0.35889976958525344
efficientnet_b0,226,2,0.28081589937210083,0.4016993087557604
efficientnet_b0,231,2,0.0057045952416956425,0.007373271889400922
efficientnet_b0,235,2,0.4189513325691223,0.523991935483871
efficientnet_b0,237,2,0.001544583705253899,0.0004608294930875576
efficientnet_b0,243,2,0.16920463740825653,0.2610311059907834
efficientnet_b0,245,2,0.5152691602706909,0.5828052995391705
efficientnet_b0,247,2,0.35273757576942444,0.496860599078341
efficientnet_b0,250,2,0.4152078628540039,0.47816820276497696
efficientnet_b0,252,2,0.055929072201251984,0.18891129032258064
efficientnet_b0,258,2,0.130548357963562,0.04688940092165898
efficientnet_b0,1,0,,0.21523617511520737
efficientnet_b0,5,0,,0.31840437788018433
efficientnet_b0,17,0,,0.3269873271889401
efficientnet_b0,22,0,,0.16345046082949308
efficientnet_b0,25,0,,0.39256912442396313
efficientnet_b0,28,0,,0.39556451612903226
efficientnet_b0,38,0,,0.36722350230414746
efficientnet_b0,41,0,,0.004089861751152074
efficientnet_b0,43,0,,0.044038018433179726
efficientnet_b0,49,0,,0.0027649769585253456
efficientnet_b0,52,0,,0.19014976958525345
efficientnet_b0,53,0,,0.24110023041474654
efficientnet_b0,54,0,,0.30288018433179725
efficientnet_b0,72,0,,0.07508640552995392
efficientnet_b0,73,0,,0.04844470046082949
efficientnet_b0,75,0,,0.057805299539170504
efficientnet_b0,80,0,,0.02142857142857143
efficientnet_b0,85,0,,0.4221198156682028
efficientnet_b0,89,1,0.5250680446624756,0.4631336405529954
efficientnet_b0,93,1,0.40487393736839294,0.4767857142857143
efficientnet_b0,105,1,0.6145991086959839,0.4772753456221198
efficientnet_b0,110,1,0.6076669692993164,0.3816820276497696
efficientnet_b0,113,1,0.6190252304077148,0.5299539170506913
efficientnet_b0,116,1,0.6242094039916992,0.4839573732718894
efficientnet_b0,126,1,0.6097633242607117,0.43796082949308757
efficientnet_b0,129,1,0.3338998854160309,0.3978110599078341
efficientnet_b0,131,1,,0.02353110599078341
efficientnet_b0,137,1,,0.002304147465437788
efficientnet_b0,140,1,0.03885293006896973,0.21503456221198156
efficientnet_b0,141,1,0.3138382136821747,0.5166762672811059
efficientnet_b0,142,1,0.4146939814090729,0.5631912442396313
efficientnet_b0,160,1,0.35714298486709595,0.4745103686635945
efficientnet_b0,161,1,,0.008006912442396314
efficientnet_b0,163,1,0.30462613701820374,0.48004032258064516
efficientnet_b0,168,1,0.27625277638435364,0.3995679723502304
efficientnet_b0,173,1,0.2684614658355713,0.3523905529953917
efficientnet_b0,177,2,0.2220970094203949,0.31828917050691247
efficientnet_b0,181,2,0.24347946047782898,0.38629032258064516
efficientnet_b0,193,2,0.38875865936279297,0.3714573732718894
efficientnet_b0,198,2,0.20989041030406952,0.2746543778801843
efficientnet_b0,201,2,0.47076401114463806,0.4816532258064516
efficientnet_b0,204,2,0.3908442258834839,0.47528801843317975
efficientnet_b0,214,2,0.4248916804790497,0.35817972350230415
efficientnet_b0,217,2,0.3612324297428131,0.4735311059907834
efficientnet_b0,219,2,0.009496237151324749,0.015207373271889401
efficientnet_b0,225,2,0.007907812483608723,0.025288018433179724
efficientnet_b0,228,2,0.15134072303771973,0.22632488479262672
efficientnet_b0,229,2,0.36352401971817017,0.49720622119815666
efficientnet_b0,230,2,0.5058742761611938,0.5725518433179724
efficientnet_b0,248,2,0.4579327404499054,0.5428571428571428
efficientnet_b0,249,2,0.004143573343753815,0.0032834101382488478
efficientnet_b0,251,2,0.438106507062912,0.544815668202765
efficientnet_b0,256,2,0.2599555253982544,0.47998271889400923
efficientnet_b0,261,2,0.2778666913509369,0.4099366359447005
efficientnet_b0,3,0,,0.31900921658986175
efficientnet_b0,8,0,,0.3339573732718894
efficientnet_b0,10,0,,0.20360023041474654
efficientnet_b0,11,0,,0.2101094470046083
efficientnet_b0,32,0,,0.3919642857142857
efficientnet_b0,34,0,,0.016013824884792627
efficientnet_b0,36,0,0.6379528045654297,0.39763824884792626
efficientnet_b0,45,0,,0.11814516129032258
efficientnet_b0,46,0,,0.02217741935483871
efficientnet_b0,48,0,,0.1513536866359447
efficientnet_b0,56,0,,0.007546082949308756
efficientnet_b0,62,0,,0.014285714285714285
efficientnet_b0,70,0,,0.2436635944700461
efficientnet_b0,77,0,,0.15400345622119815
efficientnet_b0,79,0,,0.01728110599078341
efficientnet_b0,81,0,,0.15731566820276496
efficientnet_b0,83,0,,0.022148617511520738
efficientnet_b0,86,0,,0.3236175115207373
efficientnet_b0,91,1,0.2831045687198639,0.3349078341013825
efficientnet_b0,96,1,0.778529942035675,0.4783122119815668
efficientnet_b0,98,1,0.45878905057907104,0.4576036866359447
efficientnet_b0,99,1,0.6365907192230225,0.4894585253456221
efficientnet_b0,120,1,0.7089149355888367,0.4645161290322581
efficientnet_b0,122,1,0.4108475148677826,0.2859735023041475
efficientnet_b0,124,1,0.15271592140197754,0.34997119815668204
efficientnet_b0,133,1,0.3818887770175934,0.5141705069124424
efficientnet_b0,134,1,,0.016935483870967744
efficientnet_b0,136,1,0.4293651282787323,0.5508640552995392
efficientnet_b0,144,1,0.3229837119579315,0.4269585253456221
efficientnet_b0,150,1,0.09303800016641617,0.30809331797235023
efficientnet_b0,158,1,0.035983309149742126,0.10642281105990783
efficientnet_b0,165,1,0.41003525257110596,0.43470622119815666
efficientnet_b0,167,1,,0.0013824884792626728
efficientnet_b0,169,1,0.3636782765388489,0.5356854838709677
efficientnet_b0,171,1,0.3948708474636078,0.5335253456221198
efficientnet_b0,174,1,0.5522893071174622,0.5982142857142857
efficientnet_b0,179,2,0.041996441781520844,0.052188940092165896
efficientnet_b0,184,2,0.33893367648124695,0.4080069124423963
efficientnet_b0,186,2,0.3643991947174072,0.4319988479262673
efficientnet_b0,187,2,0.3849669396877289,0.4674539170506912
efficientnet_b0,208,2,0.3809334337711334,0.4256336405529954
efficientnet_b0,210,2,0.2926492393016815,0.31474654377880185
efficientnet_b0,212,2,0.12558341026306152,0.1170794930875576
efficientnet_b0,221,2,0.4991913139820099,0.5481278801843318
efficientnet_b0,222,2,0.011922374367713928,0.02353110599078341
efficientnet_b0,224,2,0.494680792093277,0.5997983870967742
efficientnet_b0,232,2,0.27489981055259705,0.4217741935483871
efficientnet_b0,238,2,0.23035654425621033,0.34369239631336407
efficientnet_b0,246,2,0.044975053519010544,0.07563364055299539
efficientnet_b0,253,2,0.41679492592811584,0.5673963133640553
efficientnet_b0,255,2,0.11432857811450958,0.028629032258064516
efficientnet_b0,257,2,0.5812824964523315,0.6416186635944701
efficientnet_b0,259,2,0.5603259205818176,0.6129320276497696
efficientnet_b0,262,2,0.530945897102356,0.6585829493087557
efficientnet_b0,12,0,,0.2576036866359447
efficientnet_b0,14,0,0.7915275692939758,0.3077188940092166
efficientnet_b0,15,0,0.6961108446121216,0.2945852534562212
efficientnet_b0,16,0,0.8337255716323853,0.2711405529953917
efficientnet_b0,20,0,,0.3893145161290323
efficientnet_b0,23,0,,0.15754608294930875
efficientnet_b0,27,0,0.991001307964325,0.48004032258064516
efficientnet_b0,29,0,0.9767712950706482,0.44559331797235024
efficientnet_b0,30,0,0.4926123321056366,0.39256912442396313
efficientnet_b0,42,0,,0.17776497695852533
efficientnet_b0,44,0,,0.06589861751152074
efficientnet_b0,60,0,,0.24513248847926267
efficientnet_b0,63,0,,0.003369815668202765
efficientnet_b0,64,0,,0.3398905529953917
efficientnet_b0,66,0,,0.3743951612903226
efficientnet_b0,78,0,,0.09821428571428571
efficientnet_b0,87,0,,0.2764688940092166
efficientnet_b0,100,1,0.3839161694049835,0.3328052995391705
efficientnet_b0,102,1,0.5955394506454468,0.44631336405529953
efficientnet_b0,103,1,0.3399675488471985,0.26307603686635944
efficientnet_b0,104,1,0.7266908884048462,0.41278801843317975
efficientnet_b0,108,1,0.6624748706817627,0.44294354838709676
efficientnet_b0,111,1,0.5673366785049438,0.470823732718894
efficientnet_b0,115,1,0.6015028357505798,0.5047523041474654
efficientnet_b0,117,1,0.5817806720733643,0.5555587557603686
efficientnet_b0,118,1,0.5463241934776306,0.4494239631336406
efficientnet_b0,130,1,0.3206046521663666,0.5818548387096775
efficientnet_b0,132,1,0.315777063369751,0.4584101382488479
efficientnet_b0,148,1,0.4302973747253418,0.6322004608294931
efficientnet_b0,151,1,0.40956246852874756,0.41402649769585254
efficientnet_b0,152,1,0.264026015996933,0.3553859447004608
efficientnet_b0,154,1,0.48997870087623596,0.5942972350230414
efficientnet_b0,166,1,0.32237765192985535,0.5298387096774193
efficientnet_b0,175,1,0.49713432788848877,0.6384792626728111
efficientnet_b0,188,2,0.15127015113830566,0.23764400921658987
efficientnet_b0,190,2,0.3724120259284973,0.3946716589861751
efficientnet_b0,191,2,0.06746923923492432,0.08119239631336406
efficientnet_b0,192,2,0.2970195412635803,0.3320564516129032
efficientnet_b0,196,2,0.32177695631980896,0.34389400921658986
efficientnet_b0,199,2,0.306020587682724,0.39213709677419356
efficientnet_b0,203,2,0.3996368944644928,0.43099078341013825
efficientnet_b0,205,2,0.4288269877433777,0.48315092165898615
efficientnet_b0,206,2,0.2676946818828583,0.32816820276497694
efficientnet_b0,218,2,0.5304967761039734,0.5915610599078341
efficientnet_b0,220,2,0.3614255487918854,0.4846774193548387
efficientnet_b0,236,2,0.5817034244537354,0.6200748847926267
efficientnet_b0,239,2,0.46986138820648193,0.5463133640552995
efficientnet_b0,240,2,0.15776214003562927,0.29565092165898615
efficientnet_b0,242,2,0.6065891981124878,0.6503744239631336
efficientnet_b0,254,2,0.543347954750061,0.6654665898617511
efficientnet_b0,263,2,0.6234187483787537,0.7289458525345622
efficientnet_b0,0,0,0.15350770950317383,0.1767569124423963
efficientnet_b0,2,0,,0.1382200460829493
efficientnet_b0,9,0,0.3621816337108612,0.2154377880184332
efficientnet_b0,13,0,,0.33251728110599077
efficientnet_b0,18,0,0.6319829225540161,0.3577476958525346
efficientnet_b0,24,0,,0.2899193548387097
efficientnet_b0,26,0,0.8733652830123901,0.40826612903225806
efficientnet_b0,33,0,,0.05339861751152074
efficientnet_b0,39,0,0.054755717515945435,0.027246543778801844
efficientnet_b0,40,0,,0.04233870967741935
efficientnet_b0,47,0,,0.22157258064516128
efficientnet_b0,51,0,,0.0019297235023041474
efficientnet_b0,57,0,0.006694554351270199,0.0015841013824884793
efficientnet_b0,58,0,,0.2315668202764977
efficientnet_b0,65,0,,0.43516705069124423
efficientnet_b0,68,0,,0.1855126728110599
efficientnet_b0,84,0,,0.01765552995391705
efficientnet_b0,88,1,0.2021656036376953,0.23908410138248848
efficientnet_b0,90,1,0.6952320337295532,0.44317396313364055
efficientnet_b0,97,1,0.4299255311489105,0.3684043778801843
efficientnet_b0,101,1,0.6609862446784973,0.4655529953917051
efficientnet_b0,106,1,0.35211485624313354,0.36722350230414746
efficientnet_b0,112,1,0.38741281628608704,0.3413594470046083
efficientnet_b0,114,1,0.529396653175354,0.47923387096774195
efficientnet_b0,121,1,0.15836983919143677,0.13660714285714284
efficientnet_b0,127,1,0.25895580649375916,0.14380760368663595
efficientnet_b0,128,1,9.34600830078125e-05,0.038536866359447
efficientnet_b0,135,1,0.4322674870491028,0.5556451612903226
efficientnet_b0,139,1,0.3679444491863251,0.44663018433179724
efficientnet_b0,145,1,0.40587541460990906,0.5466589861751152
efficientnet_b0,146,1,0.13319560885429382,0.26327764976958523
efficientnet_b0,153,1,0.418896347284317,0.5623559907834101
efficientnet_b0,156,1,0.39316055178642273,0.5091589861751152
efficientnet_b0,172,1,0.4177339971065521,0.5269297235023042
efficientnet_b0,176,2,0.0031230479944497347,0.001987327188940092
efficientnet_b0,178,2,0.3284197151660919,0.36929723502304146
efficientnet_b0,185,2,0.21107201278209686,0.3300115207373272
efficientnet_b0,189,2,0.47547468543052673,0.42474078341013827
efficientnet_b0,194,2,0.06236017495393753,0.1008352534562212
efficientnet_b0,200,2,0.08220604062080383,0.10924539170506913
efficientnet_b0,202,2,0.5142871141433716,0.4552995391705069
efficientnet_b0,209,2,0.039979349821805954,0.04058179723502304
efficientnet_b0,215,2,0.003903355449438095,0.003369815668202765
efficientnet_b0,216,2,0.022438272833824158,0.028859447004608296
efficientnet_b0,223,2,0.3605245053768158,0.5025633640552996
efficientnet_b0,227,2,0.5136882662773132,0.5295218894009217
efficientnet_b0,233,2,0.5056887269020081,0.6066820276497696
efficientnet_b0,234,2,0.06886433064937592,0.28024193548387094
efficientnet_b0,241,2,0.41564637422561646,0.5252016129032258
efficientnet_b0,244,2,0.4270831346511841,0.5450460829493088
efficientnet_b0,260,2,0.6050198674201965,0.6332373271889401
