n,RMSE,MAE,R2,nRMSE_%,MAPE_%,bias,pearson_r,CCC,model,protocol,stage
88,1785.4573456565756,1576.6202126518715,-103.65147548597068,297.71948715551133,255.97189918974098,1576.6202126518715,0.7569317406685049,0.07386245011308963,cover_linear,grouped,V6
88,1611.511230838732,1426.9748916990875,-4.594808386051349,78.09531227397214,74.63138107545961,1365.5437855239861,0.6626098848544507,0.28355152825625324,cover_linear,grouped,Three nodes
88,3345.8089182255535,2969.0717562235327,-1.4921615303159999,53.950743059891,47.9729684752512,-2963.107672224828,0.6809792587229762,0.2608296304092111,cover_linear,grouped,Flowering
88,1794.8299975549728,1585.2564258941272,-104.75308269118499,299.2823478551893,257.0442583126228,1585.2564258941272,0.7651483140274297,0.07426985312970222,cover_linear,random,V6
88,1616.862450548609,1431.8461413578889,-4.632026565443915,78.35463728908356,74.69418010904558,1373.9766743800292,0.6666192013167526,0.28348131618600797,cover_linear,random,Three nodes
88,3344.885970775744,2968.8546409958644,-1.4907867854115269,53.93586064970578,47.98882036542635,-2964.6212162600764,0.6836370362343182,0.2614533253147091,cover_linear,random,Flowering
88,1943.182381599138,1841.51526748587,-122.95770454512963,324.0196488068871,318.5806142216734,1841.51526748587,0.6962895951750206,0.044823957163999784,cover_linear,variety,V6
88,1501.439687357875,1377.276717120634,-3.856622268042063,72.76114432272448,74.69286817198105,1377.276717120634,0.7078074739808101,0.2636544296026828,cover_linear,variety,Three nodes
88,3445.1006098519115,3025.748544357941,-1.6422733098393465,55.55180895272645,46.439699006867,-3025.748544357941,0.6380600657225515,0.2044449098656542,cover_linear,variety,Flowering
88,149.52684484276026,116.5571994510476,0.2660191386110212,24.933138655405855,21.5435979888212,21.15149823837003,0.5945902092028215,0.5834349510943493,dinov2_b,grouped,V6
88,641.7981117036732,441.8164322600646,0.11260819421550372,31.102125130246634,21.95784114022024,72.87385688737866,0.6309339547455187,0.621437054982639,dinov2_b,grouped,Three nodes
88,1581.1293627221671,1275.1652149327356,0.44344418231720395,25.495509778817038,22.34004580904685,-408.4785577743549,0.7316963472419161,0.7174632734003336,dinov2_b,grouped,Flowering
88,142.09388927064248,110.63565580402759,0.33717756458216797,23.693716315598106,20.35329340005734,18.259249102109976,0.6277969065183109,0.61472641541615,dinov2_b,random,V6
88,617.399171937536,432.06341098192183,0.17879680671845222,29.91973013123778,21.262767006491057,52.67610575545396,0.6556443529571261,0.6475708290653579,dinov2_b,random,Three nodes
88,1518.4744509458078,1243.7397259647846,0.4866791589249949,24.48520729911678,21.90816354159327,-367.3240754819484,0.754659702133887,0.7432290175827311,dinov2_b,random,Flowering
88,303.4641348772006,257.3733618367143,-2.0231600445627422,50.60170539806832,46.072325012650865,24.10773984603605,-0.011403337287890938,-0.010707439671317506,dinov2_b,variety,V6
88,1029.8840758797053,754.1468702400745,-1.2850474897584458,49.90912689448427,35.26179344053354,187.94435411120378,0.4661973350132864,0.4038894811158651,dinov2_b,variety,Three nodes
88,3199.900613983059,2591.396481930486,-1.2795383261663043,51.5979902204772,39.75494789899351,-2422.552796869407,0.4338046743686757,0.2412275751375756,dinov2_b,variety,Flowering
88,132.80801667958957,106.48123883902848,0.4209781144787348,22.145325796874708,19.820635637585042,22.364120562995687,0.6977656770655114,0.68923226724201,dinov2_s,grouped,V6
88,661.6684805559237,465.2348406595171,0.05680945606024268,32.065061429305416,23.402896716487742,82.67582208069365,0.594922148470266,0.5869270695504085,dinov2_s,grouped,Three nodes
88,1722.6500360705875,1398.4480577517163,0.33935517997871634,27.777512628379853,22.846664520582515,-348.7901325368726,0.7062377008833742,0.6958375688896836,dinov2_s,grouped,Flowering
88,133.05392750767362,106.82875415065105,0.41883186488673996,22.186330666468074,19.737932490174288,23.320897846635305,0.6993960609747218,0.6908493515041378,dinov2_s,random,V6
88,637.0708313241007,457.55805514167264,0.1256325408573823,30.87303678733934,23.0929817575429,84.8631066080966,0.6182774235899695,0.6107171405999258,dinov2_s,random,Three nodes
88,1745.3246197276526,1419.2899006304747,0.3218490900391304,28.143137404561365,23.275106669708574,-420.6669797751243,0.7035002223681003,0.6892613537610767,dinov2_s,random,Flowering
88,223.76613968410493,182.69577086439097,-0.6437476176048982,37.312311331090285,35.83962076799988,88.9113713684748,0.23207679078735943,0.20155405797949327,dinov2_s,variety,V6
88,1027.221674527839,723.6900452702681,-1.2732483950402358,49.78010448310186,34.83946265686195,197.81061429297762,0.4306188182342066,0.3778361208186232,dinov2_s,variety,Three nodes
88,2681.9837241306977,2183.283634111949,-0.6013497447974385,43.24664627534191,33.37971113300806,-2011.1724812621628,0.5672277849284549,0.3370433963379256,dinov2_s,variety,Flowering
88,329.1882182317699,257.2491187746064,-2.5574185352552714,54.89111669232227,48.0756653705423,173.5490481854729,0.2627383325458499,0.18556256969792356,dinov2_s_mask,grouped,V6
88,982.585537074079,730.4406446120367,-1.0799805738453392,47.616996323228186,39.300397602281215,256.60482813704573,0.514675945873655,0.44367365003069864,dinov2_s_mask,grouped,Three nodes
88,2659.074020194579,2176.89460529649,-0.5741088939002079,42.87723021457918,36.71080707968654,-1221.5933334609078,0.5594681552097999,0.48111308213463727,dinov2_s_mask,grouped,Flowering
88,119.53542939638733,96.3848451458577,0.5309278063665598,19.932162940425382,17.28886174855851,-20.523050030845237,0.745698231518258,0.7303901542188256,efficientnet_b0,grouped,V6
88,610.1335550030574,486.04747197782285,0.19801108695465797,29.567631670797105,24.10335506158985,97.23459683485463,0.6216969832785987,0.6153228579744564,efficientnet_b0,grouped,Three nodes
88,1658.4164827556224,1290.8775874247171,0.3877044121367542,26.741754754748086,21.82957629714647,-453.4154972562499,0.7011896326994954,0.6833933240584537,efficientnet_b0,grouped,Flowering
88,116.10579734556752,95.67748588344544,0.5574582920880894,19.360282409206818,17.8979682627912,10.59450001046564,0.7547000583970721,0.7427478888669585,efficientnet_b0,random,V6
88,642.348079193683,483.9493599683674,0.11108670096538975,31.12877705922543,24.66713163555582,203.73509420337666,0.6459216143826589,0.6176249937454998,efficientnet_b0,random,Three nodes
88,1659.5110966136763,1315.6528059653904,0.38689587166507233,26.75940526392211,22.661808961672605,-253.1390398774988,0.6891262308821273,0.683500895468342,efficientnet_b0,random,Flowering
88,467.5059102831579,396.06220999007314,-6.174978571342085,77.95516380733744,77.52133096352577,390.24856877394683,0.3215840610900058,0.11519973875944665,efficientnet_b0,variety,V6
88,1424.7213748032884,1082.2857689251512,-3.372989394724976,69.04330453270057,56.91390784907912,901.7125277713038,0.42324529989246124,0.25465781103078394,efficientnet_b0,variety,Three nodes
88,2322.762005514561,1836.941211753863,-0.2011115574660154,37.4542417727949,31.91445230383812,-574.0433836914443,0.34355192989478617,0.32438570151596796,efficientnet_b0,variety,Flowering
88,2362.513010637239,2354.8880102650323,-182.2292545937806,393.9417335486608,438.5668981936286,2354.8880102650323,-0.27311126495812194,-0.0006929387849267642,mean,grouped,V6
88,1130.2858109845324,975.483254207054,-1.752295725229915,54.77468706298474,64.64999450253988,891.0807712559413,-0.3204609944771597,-0.014051589048588303,mean,grouped,Three nodes
88,3886.569079555373,3372.921882481797,-2.36284384716191,62.67043185084651,49.04729918852773,-3247.000036729286,-0.40098574538707205,-0.004582694666942484,mean,grouped,Flowering
88,2369.5926798544424,2363.066147057983,-183.3290548071896,395.12224648205796,439.5006643484477,2363.066147057983,0.07216003078212878,0.00016495346488754222,mean,random,V6
88,1120.0996674345934,974.0653975568573,-1.7029118401769487,54.2810572041435,64.24699235590097,890.2753688258745,0.0708809309033839,0.002648268577024777,mean,random,Three nodes
88,3885.1080390708407,3373.215946736514,-2.3603159993826766,62.64687275894747,49.03628199881723,-3253.636364124977,-0.10072809937245338,-0.000984603687988493,mean,random,Flowering
88,2419.9323483391004,2396.0942900495706,-191.24402338796145,403.51623042196525,451.1330335337026,2396.0942900495706,-0.4384059919677641,-0.005883154075406917,mean,variety,V6
88,1190.669555890853,1030.3135241002271,-2.0542251063233445,57.70093872322085,67.4773491964635,932.2870510404798,-0.11236453555009182,-0.024770218677886903,mean,variety,Three nodes
88,3879.5747852769273,3368.503300282563,-2.350751147929874,62.55764974561444,49.50844245398444,-3205.7937569447477,-0.24458298024157216,-0.015657929570375092,mean,variety,Flowering
88,144.27746715586122,118.46058161403174,0.316649658085817,24.057821170711506,21.46781462043208,22.69909386492034,0.6363259107510633,0.6272172930631208,mobilenetv3,grouped,V6
88,617.0671993505869,478.95247300640335,0.17967968336764983,29.903642435199384,24.119726321782263,178.42005522056166,0.6499089045181686,0.6283886323915302,mobilenetv3,grouped,Three nodes
88,2174.693448199812,1672.4665560951871,-0.0528585083176516,35.066655127478214,28.831908323713268,-123.30298163342931,0.5475943862236936,0.5422121155072065,mobilenetv3,grouped,Flowering
88,141.78202438863022,110.80402212973719,0.3400838710955181,23.641713811612014,19.867698292614712,11.960570516992364,0.6423640001590721,0.6373746422006724,mobilenetv3,random,V6
88,576.4084503870413,446.9625616098488,0.2842205553765653,27.933282169497403,22.75909197334529,109.83301255290984,0.6665796098250608,0.6579586752299991,mobilenetv3,random,Three nodes
88,2045.286144839099,1591.759231524418,0.06871614983724506,32.97997882756869,26.999378095775178,-332.4013364067401,0.5901789433172472,0.5812486558068174,mobilenetv3,random,Flowering
88,613.9052034450028,475.9792201828841,-11.372259656395602,102.36679289839576,93.29750497290412,386.96172467178917,-0.02945268597572486,-0.012103153514926817,mobilenetv3,variety,V6
88,1353.5342003494973,1048.5926696454076,-2.9469080752366574,65.5935087680275,56.10567261934991,901.9586211489365,0.48332674893551464,0.2912982013927002,mobilenetv3,variety,Three nodes
88,2806.9119396272285,2332.0059645999327,-0.7540076965173759,45.261097853395135,44.209317048863795,-413.13304336583457,0.1650326360098366,0.16197847781000427,mobilenetv3,variety,Flowering
88,322.2453605736253,235.80177455738794,-2.408943034229524,53.733416663024514,47.63887251863961,187.79877604672683,0.2168975741481501,0.1471865985660826,mobilenetv3_mask,grouped,V6
88,1221.5615739586403,867.9539282406957,-2.214765285017998,59.19799425197532,51.139736914737085,601.6375779386639,0.3004702332550866,0.22301646071014924,mobilenetv3_mask,grouped,Three nodes
88,2393.278813891419,1911.2952619325263,-0.2751477578377015,38.59131633476991,31.64555170439317,-920.1109257207935,0.6137983628924696,0.5548183637456537,mobilenetv3_mask,grouped,Flowering
88,105.92249081330769,82.38059282105831,0.631682150104611,17.66224755796433,14.639205984300235,-7.443640567819809,0.7963443084802379,0.780457589319362,resnet50,grouped,V6
88,488.68210137536545,382.7277884128003,0.4855165491585609,23.681982836537376,19.96502034238161,51.25922390641706,0.7343835764634294,0.7313947419768404,resnet50,grouped,Three nodes
88,1388.1944105269713,1047.888820490309,0.5709829998507795,22.3844582251988,18.14107521825808,-255.72200063001935,0.7723635519253903,0.7595399719274936,resnet50,grouped,Flowering
88,114.38797501611774,89.65713460882651,0.5704565106889328,19.073840851702116,15.625051806782695,-13.807513263839839,0.7596232585381862,0.7240762027230828,resnet50,random,V6
88,531.0858555895102,408.20342446339305,0.3923576786896167,25.736907657147444,20.57311319310477,85.92824302648447,0.7092202552133032,0.7036175757254518,resnet50,random,Three nodes
88,1385.5391390846446,1105.0194447219956,0.5726226363717106,22.34164231106847,18.751116092397897,-325.9238186934864,0.774906292958804,0.7528006934167909,resnet50,random,Flowering
88,230.5148276582855,188.79516518591183,-0.7443921735178878,38.43763416645981,35.923022709389905,93.20101599313188,0.25219265099083676,0.21996560314152971,resnet50,variety,V6
88,1616.2274916674553,1144.727248825331,-4.62760392194899,78.32386659933849,56.73349821303811,844.7204765717541,0.41085620557171554,0.24448082677967928,resnet50,variety,Three nodes
88,2206.601835679633,1727.0502351231955,-0.08398149739585725,35.58117381532136,29.714483359422733,-1026.646111329509,0.4639030286829142,0.3806176107310472,resnet50,variety,Flowering
88,223.52371185025038,151.01285150218646,-0.640187880522852,37.27188724000629,30.038945763650286,84.17335806454068,0.3647990242057099,0.3285683360160105,resnet50_mask,grouped,V6
88,794.9979463531987,603.6446560758427,-0.3616031821337804,38.52632962744314,37.22634552848793,336.32180759141323,0.3794555434749297,0.3318797853924138,resnet50_mask,grouped,Three nodes
88,1569.0360546648194,1272.4300341679518,0.45192528642711427,25.300506725237966,23.58071480789521,-581.7139290735499,0.7750199327856281,0.747351771393666,resnet50_mask,grouped,Flowering
88,107.76500688179011,89.5688565942282,0.6187569643141163,17.96948141057852,15.733300130690056,-4.0814291909031075,0.7875976213490514,0.7719605318970458,rf,grouped,V6
88,876.8252601823036,629.7066664283976,-0.6563215396666688,42.49175630504583,34.81445243784817,348.35916392182213,0.42549242268336734,0.3783087970768395,rf,grouped,Three nodes
88,1754.3327051831448,1373.1398207574377,0.31483078988056934,28.288391636273,21.456028801151504,-969.1470124746285,0.7305831592817383,0.6389053647028401,rf,grouped,Flowering
88,109.92935563358893,90.95903611271653,0.6032894394939607,18.330379867200154,16.0838041261687,-6.5467858937503225,0.778798366077282,0.7633562012791703,rf,random,V6
88,853.2387098639687,627.7523311259463,-0.5684101524678324,41.34873044377559,34.50997440431193,354.04867713839957,0.4373912534213414,0.38809857945158566,rf,random,Three nodes
88,1782.5647140810352,1377.393038869743,0.29260085628735,28.74362918729323,21.265319739442166,-1011.0621304888707,0.7316340625878729,0.6386846696176632,rf,random,Flowering
88,139.66976539160416,116.03787910431761,0.35960017536578903,23.289501160403056,22.51126182747297,46.8265445213767,0.6579395846429678,0.5878056402775933,rf,variety,V6
88,764.1377647893955,628.0254754963232,-0.2579456321097151,37.03081692487118,34.49698073957704,320.1375185357981,0.5058159313765614,0.45713514517305515,rf,variety,Three nodes
88,3692.687803072988,3219.74465228877,-2.035701763007628,59.544120938514936,49.001053486547924,-3219.74465228877,0.5220679240643604,0.14752901082589387,rf,variety,Flowering
88,106.48335769407636,84.18108698566617,0.6277712865574867,17.755770374687547,14.85908478778046,-0.36367125725315735,0.815205420447703,0.8151838433293511,ridge,grouped,V6
88,659.2020345895668,516.5226965965362,0.0638280545011054,31.94553519562892,28.022323125669356,142.67678931550932,0.5371670170129538,0.524825281609201,ridge,grouped,Three nodes
88,1563.2000559380579,1219.596893813945,0.45599481029102995,25.20640198838636,19.448208164681187,-386.32008587588683,0.7397034915937459,0.7272384959853719,ridge,grouped,Flowering
88,105.99471334271144,84.91087265512799,0.6311797088318875,17.674290441244327,14.952351158676109,-2.2923981242886664,0.8162374019537953,0.8161634805149232,ridge,random,V6
88,646.3779042327828,505.51368508986343,0.09989836960953513,31.32406607664927,27.570607345357395,140.6035166226513,0.5560180229301545,0.5436519146959738,ridge,random,Three nodes
88,1584.483657483661,1226.4294723135033,0.4410802612753084,25.549597355019827,19.32247156329843,-425.365705382057,0.7340809536652166,0.7189612928133009,ridge,random,Flowering
88,140.27065403848218,114.59229582018268,0.3540780532728094,23.389697482774626,20.636457974954723,-33.49520079856273,0.7458132184912197,0.7268714613669763,ridge,variety,V6
88,882.6860995406879,667.3092357787714,-0.6785377734576561,42.77577795573107,34.91546785114109,438.3078158875269,0.6248738409327004,0.5164128195518042,ridge,variety,Three nodes
88,2424.4418518184743,1923.076463821405,-0.3085715192821632,39.09381635591872,29.150102578056092,-1581.339256671924,0.5550457672657952,0.40425006034702354,ridge,variety,Flowering
88,111.21607963304972,92.0249650707845,0.5939480866270992,18.544937112245556,16.315955623329728,-3.7223909911443513,0.7731508835015806,0.7599030365887895,xgb,grouped,V6
88,812.630295483013,562.2638424342182,-0.4226712736379792,39.38080943811121,29.78642787652711,237.5128270023467,0.4910514850203236,0.4586785916392685,xgb,grouped,Three nodes
88,1651.5532436269984,1283.6479217219164,0.39276180942611416,26.631085897130436,20.383226455764174,-719.6391495934245,0.7290075815733241,0.6792465629883315,xgb,grouped,Flowering
88,113.8163324043773,93.65570039630235,0.5747389856203942,18.978521215185673,16.54755421183985,-3.0349931787923055,0.7658414180844816,0.7586952038194857,xgb,random,V6
88,802.357778392343,573.61653586366,-0.38693043521129367,38.88299383826705,30.307241883792614,265.95738557945083,0.5035314143698603,0.4660695497044209,xgb,random,Three nodes
88,1572.1283422317572,1208.1368360865888,0.44976284446808346,25.350369468768346,19.26887453006214,-694.2190598717448,0.7646892355928687,0.7212933736309074,xgb,random,Flowering
88,150.312481763956,124.2202266175722,0.25828598074717113,25.0641411808024,25.11326973394325,76.41214286209755,0.6714068298032515,0.537801078551802,xgb,variety,V6
88,708.8717082953136,565.9454575497988,-0.08256462460617797,34.352573138875364,30.155431702087316,219.6897884965613,0.5458719940639654,0.5194278381196985,xgb,variety,Three nodes
88,3339.6456145499587,2914.1191067457094,-1.48298838179513,53.85136057238827,44.30503162222307,-2908.181355403972,0.6427763881314619,0.2145134207761107,xgb,variety,Flowering
