n,RMSE,MAE,R2,nRMSE_%,MAPE_%,bias,pearson_r,CCC,model,protocol,variety
120,2862.5924837856314,2453.97972165487,0.02521531226035112,89.45271068587608,144.06528399217353,-158.02209394350186,0.2032885191568099,0.11707786102767144,cover_linear,grouped,PARRUDO
144,1883.486199544265,1604.9799800831313,0.43395729027911467,68.47471033191684,111.29774868124258,118.88616636743629,0.6624900080570107,0.5884013288598315,cover_linear,grouped,TORUK
120,2868.6101177994483,2460.542661093667,0.0211126933506407,89.64075480235458,144.54112843284028,-156.56254803563905,0.19670484737437252,0.11325704356836881,cover_linear,random,PARRUDO
144,1883.1013361324024,1607.632743017871,0.4341885920761782,68.46071850619971,111.60460667585765,127.17605248274786,0.662924543064422,0.5887581101247747,cover_linear,random,TORUK
120,2876.417614357555,2427.136705382002,0.015776966656124713,89.88473005721505,135.34716726837246,-264.92555965471115,0.20836034501757988,0.12817739698707242,cover_linear,variety,PARRUDO
144,2010.835838946674,1793.4941798821585,0.35482497030852234,73.10454498165518,155.92430479889717,338.7422909752704,0.6664745399773998,0.45242492744330143,cover_linear,variety,TORUK
120,1005.3853192724765,583.9358703588335,0.8797584062738852,31.41713066114612,18.28879346113972,-196.16517419679147,0.9411806584589747,0.9339093612687382,dinov2_b,grouped,PARRUDO
144,975.0945852645475,633.8827365388788,0.848288743236472,35.44985850619252,24.99580180010419,-28.69486756571089,0.9221458660930052,0.9215354468058441,dinov2_b,grouped,TORUK
120,936.5759521477308,547.7187542805675,0.8956540372981068,29.266917368561707,17.087259486297356,-162.6042760305588,0.9484533298622891,0.9436280603187307,dinov2_b,random,PARRUDO
144,960.928082852279,635.2803003360867,0.8526649455796194,34.93483102718513,24.58097617417212,-45.622877022769245,0.9246070751732125,0.9239663820957553,dinov2_b,random,TORUK
120,2495.604719038877,1561.8238202802572,0.25913130956194796,77.98476666971128,37.81287022008119,-1539.4456295529656,0.8575342057788898,0.49101108885394057,dinov2_b,variety,PARRUDO
144,1331.0945418402653,900.2625861042318,0.7172893808862277,48.39234457834723,42.48814869848551,-67.99018270774195,0.8483528130439743,0.8289364340290563,dinov2_b,variety,TORUK
120,1139.2015820166275,703.8502905809886,0.845620082661451,35.598734401154445,19.17365350940522,-159.00038741293727,0.9220243164620606,0.9198480441678148,dinov2_s,grouped,PARRUDO
144,1005.1513310466468,617.4472861687808,0.8387917659153461,36.54258058796158,24.39818683222944,-16.45812653505316,0.9172054765384812,0.916653107525592,dinov2_s,grouped,TORUK
120,1143.8281916174662,692.5292098495974,0.8443635780834269,35.74331061045582,19.058738210957607,-187.50724115235786,0.9215237588834094,0.9181463786794468,dinov2_s,random,PARRUDO
144,1014.9379521445351,635.13920341149,0.83563728680716,36.89837615735215,24.515842051517733,-34.705783957719355,0.9152618065758482,0.914351091550149,dinov2_s,random,TORUK
120,2063.3511747810217,1256.9044091900291,0.493550735884666,64.4773423833496,27.723605609278707,-1225.340239131416,0.9119204944368753,0.6486383023727103,dinov2_s,variety,PARRUDO
144,1234.232663039542,840.7109897145697,0.7569372610388728,44.87090168447862,40.488480888743794,-32.713992479809605,0.8751723682670429,0.8490804691575479,dinov2_s,variety,TORUK
120,1684.8786622408184,1072.985680366365,0.6623032306705248,52.650513256053266,36.24798308313667,-525.7623625953645,0.8357047650409823,0.7940509152299848,dinov2_s_mask,grouped,PARRUDO
144,1616.0206771931173,1039.7579361121664,0.5833051402851033,58.75092038792833,45.62421246280891,-45.52214386621179,0.7997967702718362,0.7991550909417418,dinov2_s_mask,grouped,TORUK
120,1071.51822503088,629.1361439317636,0.8634194775607513,33.483707625604396,18.418414090923328,-203.3145820923582,0.9327155927180925,0.9241799791671682,efficientnet_b0,grouped,PARRUDO
144,979.8978503017839,620.5203772808845,0.8467904185024765,35.624482659080805,23.28686182313296,-60.77915131051517,0.9211225164587046,0.9198223625016498,efficientnet_b0,grouped,TORUK
120,1063.9887656874841,636.2151338663623,0.8653322109332091,33.24842071275149,18.716124034834536,-155.74954285530256,0.9326401711438421,0.9251719196946017,efficientnet_b0,random,PARRUDO
144,999.9909498539713,628.0471756663223,0.8404427819643213,36.35497336925394,24.264118718760987,106.0744022516287,0.9221607299100532,0.9212739492682238,efficientnet_b0,random,TORUK
120,1733.110271183248,1120.139821268967,0.6426925780312769,54.15769535936678,40.64914229168154,-523.1407185818459,0.8785143886676173,0.7362967210217278,efficientnet_b0,variety,PARRUDO
144,1472.4263608704368,1092.5602099069697,0.6540674051765769,53.53050559652487,67.78385932809167,874.6780900066419,0.8934764144239465,0.8433658636863661,efficientnet_b0,variety,TORUK
120,2917.001791777613,2347.0286052935594,-0.012192318253037904,91.1529387532638,156.61684225439666,-246.27777966372142,-0.15421738141991645,-0.004705919247556228,mean,grouped,PARRUDO
144,2516.338506779056,2140.5997520605183,-0.010328126606395482,91.48224732967817,206.98074871753937,204.60127153691013,-0.11661327626346171,-0.0034086116000898946,mean,grouped,TORUK
120,2917.0977268939923,2348.3898757938673,-0.012258897838231864,91.155936614908,156.5059223151149,-248.83261651843682,-0.18482650235716971,-0.004694310685066282,mean,random,PARRUDO
144,2516.1516257913645,2143.776348219827,-0.010178064040120116,91.4754532148597,207.3908050560056,207.18032872912468,-0.11367200343168736,-0.0031166280670361208,mean,random,TORUK
120,2934.015195501174,2295.6375127699534,-0.024033968019849583,91.68458798020967,143.82776984808453,-449.487808532778,,0.0,mean,variety,PARRUDO
144,2543.4759716352,2239.41442040037,-0.03223741055333673,92.46883807062264,227.3272516280216,449.4878085327778,2.3462959346518197e-16,8.25782214629836e-32,mean,variety,TORUK
120,1282.5751092056378,743.7957583321908,0.8043160258090885,40.078991622640444,22.3033403266127,-32.17820619473782,0.8993708541622804,0.898773182465959,mobilenetv3,grouped,PARRUDO
144,1328.4220159698964,767.3188523827212,0.7184234745731517,48.29518409218473,26.892435390334068,74.36949638298039,0.8674477300254908,0.8660708017729833,mobilenetv3,grouped,TORUK
120,1263.2226182131797,711.4176371541723,0.8101767382594443,39.47424861866594,21.50591397287573,-100.54374110628835,0.9022009618336209,0.900592057271677,mobilenetv3,random,PARRUDO
144,1200.8102841828843,720.751078366192,0.7699230487723998,43.65582099455002,24.627730132552834,-44.91828722838288,0.8835342793272558,0.8832951856689507,mobilenetv3,random,TORUK
120,1782.592787556069,1076.7684032369277,0.6219981413477607,55.70396687589556,27.933574109055936,-692.999837163648,0.8522746411277966,0.7411383295623536,mobilenetv3,variety,PARRUDO
144,1875.2781133740561,1459.4905750086973,0.4388800803775854,68.17630287715532,95.04076830091428,1112.7032158032512,0.8339784067238808,0.7619957306614454,mobilenetv3,variety,TORUK
120,1838.8291941505634,1209.5829099954803,0.5977718831842438,57.461289665501305,41.5000030506639,-323.9148422215234,0.7833510926248597,0.7662376778327509,mobilenetv3_mask,grouped,PARRUDO
144,1287.6082150325906,834.5453867835835,0.7354597289769607,46.8113860174217,45.120318153083886,190.07235245741228,0.8738705931002606,0.8711801208957692,mobilenetv3_mask,grouped,TORUK
120,924.7702516931124,549.7928809184759,0.8982680552322075,28.898002857260213,15.860115432549962,-169.75270175907795,0.9519111891911712,0.943076135298783,resnet50,grouped,PARRUDO
144,785.9971774145517,466.44866695492806,0.9014251126710044,28.57516506263141,19.016476972560536,11.96221867669593,0.950336492745213,0.9502906352829356,resnet50,grouped,TORUK
120,979.5123200147835,593.3171332269627,0.8858674683268926,30.608629300828984,17.216285298949302,-197.77497140661438,0.9464123283544601,0.93549462305182,resnet50,random,PARRUDO
144,744.3022359741174,485.1068357406627,0.9116059640221122,27.05933285842901,19.23321180727219,9.710588492219776,0.954889807281152,0.954402954940213,resnet50,random,TORUK
120,1684.933365658529,985.7261587193314,0.6622813021272618,52.65222267470986,22.71731421723665,-891.3413501116174,0.932780675818042,0.7670842894578338,resnet50,variety,PARRUDO
144,1496.1731530315633,1048.9114866493805,0.6428192608648777,54.39382740633627,55.851185213433794,688.5638580701893,0.8553120009732477,0.8228273054640278,resnet50,variety,TORUK
120,1228.1359007981084,818.83660820079,0.8205751883950793,38.37782920178239,28.770637097981528,-264.5565985670551,0.9135629255255521,0.8951173764667858,resnet50_mask,grouped,PARRUDO
144,815.055523531241,556.4118797885521,0.8940017473040148,29.63159002265836,31.541472812813588,121.94125449512619,0.947292513934853,0.9459274981481602,resnet50_mask,grouped,TORUK
120,1191.23997001089,766.3616958126285,0.8311938910819776,37.224873955483936,24.070674919739655,-266.73646094328194,0.9247632790505558,0.8976123536971303,rf,grouped,PARRUDO
144,1084.0643641863114,640.0635191328486,0.812485674031692,39.411487770270085,23.943415070582898,-159.58417450175432,0.9059542095458123,0.8904412877115945,rf,grouped,TORUK
120,1218.273169490599,775.0013497009861,0.8234454132783844,38.06963023346244,24.08512778672503,-262.8923933803673,0.9188007490599052,0.893594644987285,rf,random,PARRUDO
144,1075.7729050389923,635.1182345376485,0.8153431087200099,39.110049265714565,23.84295356490418,-186.4320406100515,0.9095829813164538,0.890942895833814,rf,random,TORUK
120,2595.2664716982836,1597.1632248810731,0.1987767236865,81.09908139581563,37.891486686048594,-1148.8716278739128,0.6546077128239316,0.3861242310173594,rf,variety,PARRUDO
144,1757.5521214042426,1091.3577612537456,0.5071205140859407,63.89633883992422,33.20721979438047,-785.9728924132696,0.8354074750805542,0.6431801933547094,rf,variety,TORUK
120,1079.0911239826128,656.5246298460044,0.8614821041431184,33.72035197607334,20.530282163257397,-192.223933447468,0.9324511185356047,0.9215528525046429,ridge,grouped,PARRUDO
144,891.8682034690022,565.3021113148642,0.8730812815345161,32.424138229185765,20.981752467254452,11.071241984337917,0.9366172432919451,0.936607582416983,ridge,grouped,TORUK
120,1092.4904265504813,648.9723292666946,0.85802073448399,34.139064713839964,20.07434849209272,-218.52583787256734,0.9320808253279942,0.9187180175526432,ridge,random,PARRUDO
144,895.447594635736,569.4894106468345,0.8720604953759586,32.554268077424645,21.065805742181134,6.68261735377067,0.9359983736111174,0.9359948922144652,ridge,random,TORUK
120,1893.3930139489603,1183.251712502981,0.5735469881482445,59.16634604847886,29.41677036541114,-707.9126200463264,0.8413182429305612,0.6914985085882455,ridge,variety,PARRUDO
144,1045.359090776735,666.9990145599573,0.8256366047381977,38.0043458513754,27.248375386916884,-129.06131981764798,0.9101275581782424,0.904187307786829,ridge,variety,TORUK
120,1162.21552068493,725.6730726865756,0.8393195693595569,36.31789341840852,22.003276508880568,-197.0511565406771,0.9208171420583178,0.907682246745851,xgb,grouped,PARRUDO
144,975.8996613561997,579.5671072887487,0.8480381223656268,35.47912729095153,22.294031215479038,-132.69825007190485,0.923366747072798,0.9146154679402149,xgb,grouped,TORUK
120,1097.6536315464932,691.575154941785,0.8566755504769773,34.30040890982183,21.51119619151317,-171.8469630015874,0.929726676465928,0.918173063720568,xgb,random,PARRUDO
144,952.7406120409664,569.7706928714048,0.855164950328335,34.637173050030164,22.482913000552397,-120.36438317545213,0.9263853388368114,0.9200572539133471,xgb,random,TORUK
120,2253.16318263469,1356.1782692036502,0.39608622262439463,70.40874851936562,31.256028786891456,-1018.8317851688781,0.8152269458284496,0.5397639225008636,xgb,variety,PARRUDO
144,1704.7387968029707,1072.4699256660626,0.5362968923071243,61.97629445382113,34.803923990967675,-747.2442714980704,0.8439624002012158,0.6665736583366978,xgb,variety,TORUK
