model,stage,n,AoV_mean,veg_mean,median_diff,share_AoV_gt_veg,p_greater,p_less
efficientnet_b0,V6,27,0.48855941371854256,0.24048045741594123,0.27423522670148154,0.8888888888888888,3.203749656677246e-07,0.9999997541308403
efficientnet_b0,Three nodes,80,0.4177685511356685,0.4248397897465438,-0.042184192436631365,0.4375,0.7520872805816243,0.24791271941837562
efficientnet_b0,Flowering,88,0.29810715384056413,0.35880747276916625,-0.062012311857416874,0.13636363636363635,0.999999999998544,1.4559085672781567e-12
mobilenetv3,V6,88,0.09120091035339845,0.19902433755760365,-0.07024226542047234,0.13636363636363635,0.9999999999781262,2.1873831059667206e-11
mobilenetv3,Three nodes,88,0.27736189944959155,0.38688763353581906,-0.10431639891340985,0.26136363636363635,0.9999998263614726,1.7363852745285835e-07
mobilenetv3,Flowering,88,0.2538598904040183,0.35880747276916625,-0.10302687298317667,0.1590909090909091,0.999999999998544,1.4559085672781567e-12
resnet50,V6,88,0.07146258106105176,0.19902433755760365,-0.15565956221198152,0.09090909090909091,0.9999999955459681,4.4540319079765175e-09
resnet50,Three nodes,88,0.44216488064590853,0.38688763353581906,0.0384977960641483,0.6363636363636364,6.076732729053436e-05,0.9999392326727095
resnet50,Flowering,88,0.42962456617401173,0.35880747276916625,0.0659575919539148,0.8636363636363636,6.700852667633971e-13,0.9999999999993299
