model,n,RMSE,MAE,R2,nRMSE_%,MAPE_%,bias,pearson_r,CCC,RMSE_lo,RMSE_hi,MAE_lo,MAE_hi,R2_lo,R2_hi
resnet50,264,851.8829128628463,504.3324005747225,0.9004476259974534,28.829080659310186,17.581767181646637,-70.63547243047404,0.9493887526914626,0.946903023512185,719.2274993392184,975.4839651350028,437.5721438576737,576.5335050247089,0.8719034716980537,0.9267242320980652
ridge,264,981.4072282115405,606.7668924653824,0.8678733842726459,33.21239071066536,20.776538692710336,-81.33565593921024,0.9320849812964145,0.9294189623614114,847.6699327515319,1104.7013808894299,527.7514022562192,685.9476994883995,0.8383702467925036,0.8954268002257314
dinov2_b,264,988.978118257635,611.1796155479492,0.8658269871594727,33.46860174214166,21.94716164602943,-104.81773421620206,0.9313077692974782,0.9282112764980223,861.0682826813076,1122.6093485131948,532.8605965802127,693.7195015120087,0.8339237154520152,0.8965585891264353
efficientnet_b0,264,1022.5616369518884,624.436634849466,0.8565598279570195,34.60512174347189,21.073931035764947,-125.56798348408017,0.9266927616337698,0.922453628706752,889.0360099320866,1156.3345762940328,550.6653596657451,707.853750566697,0.8197234010721197,0.889442231097443
resnet50_mask,264,1023.6957108606149,675.6958472486604,0.8562414863404274,34.64350061889554,30.282002033344472,-53.73958780586528,0.9257997878994947,0.9209218760903984,912.4190239854602,1141.2999750315944,595.4457162781719,759.6207717235927,0.8186424024165613,0.886185962081366
xgb,264,1064.6384566353365,645.9789097423064,0.8445122762482513,36.02906863831549,22.161869985207005,-161.94957119407405,0.9224818271923716,0.9115905479074892,914.7491416586503,1201.8537093103466,562.942653520235,725.0727353028142,0.8069099462537722,0.8804822579535349
dinov2_s,264,1068.1707563602286,656.7213790834205,0.8434787979482797,36.14860731216863,22.023398958218433,-81.25006329772778,0.9198620956125516,0.9187340006356283,944.1828810040066,1184.2681936395836,579.1792557193756,736.2188759753955,0.8101820002405001,0.8743742433478592
rf,264,1134.0369003516018,697.4717812600212,0.8235806656491904,38.377623001030976,24.001260456563244,-208.28975924790322,0.9158871752125911,0.8948197887787421,996.3764761053231,1278.1198423705525,622.2484223785085,781.402624130125,0.7827301477316412,0.8592669949253118
mobilenetv3,264,1307.7817745692482,756.6265369052074,0.7653814383762635,44.25742751093628,24.806483088642533,25.938722484017568,0.8833088372676179,0.8832581329015977,1090.0904267014441,1532.1978662268777,651.9648319530567,867.5838985742485,0.682628106837397,0.8349747828964489
mobilenetv3_mask,264,1562.459410929348,1005.0169882435368,0.6651045130941301,52.8761261723213,43.47472037925662,-43.55819057846759,0.822588680615353,0.8202373074831156,1367.1159145238148,1755.6744252683352,894.46431965118,1126.6758347981622,0.5737087019538805,0.7394944156380948
dinov2_s_mask,264,1647.6765323290374,1054.861456227711,0.6275776648709772,55.7600098954139,41.36229001750335,-263.813152379463,0.8046830551625956,0.7966566429790649,1458.5692387818658,1836.9558478284425,944.6796813174183,1173.7911921789541,0.5320239562018072,0.7049669239739049
cover_linear,264,2379.023868281278,1990.8889535248304,0.22359306652395983,80.50997379278029,126.19208291348394,-6.981224682990145,0.4728957926154034,0.3682130981918601,2190.0344190649794,2569.555718699316,1838.887781897318,2149.963576276604,0.16444984578663813,0.28399221618679055
mean,264,2705.822915497803,2234.431048984628,-0.004362635276178084,91.56937638125287,184.08806396156544,-0.34375173610434023,-0.13776201746304687,-0.004136218947085396,2542.4165299561278,2864.4449844779338,2126.8114950068816,2335.286569672164,-0.010879605135679754,-0.0028021927992985755
